brand,title,color,name,engineId,years,CC,user,owner
HORTFORD,小山貓,,209-EKV,,,125,209-EKV,CUSTOMER
HORTFORD,小山貓,,236-EQF,,,125,236-EQF,CUSTOMER
HORTFORD,雲豹,,2HG-878,,,200,2HG-878,CUSTOMER
HORTFORD,小雲豹,,303-DTQ,,,125,303-DTQ,CUSTOMER
HORTFORD,小雲豹,白,306-DTP,,,125,306-DTP,CUSTOMER
HORTFORD,小雲豹,,337-ERA,,,125,337-ERA,CUSTOMER
HORTFORD,雲豹,,515-BEM,,,150,515-BEM,CUSTOMER
HORTFORD,小豹,,5GX-680,1013161,2007/7/11,125,5GX-680,CUSTOMER
HORTFORD,雲豹,黑,5GY-510,,,150,5GY-510,CUSTOMER
HORTFORD,vr,,790-JAH,SB-200332,2004/7/5,197,790-JAH,CUSTOMER
HORTFORD,小雲豹,黑,871-ERC,1036858,2009/10/9,125,871-ERC,CUSTOMER
HORTFORD,HORTFORD,,8HZ-518,,,150,8HZ-518,CUSTOMER
HORTFORD,雲豹,,CLJ-968,,,150,CLJ-968,CUSTOMER
HORTFORD,VR,,CLV-523,,,150,CLV-523,CUSTOMER
HORTFORD,,,CXB-600,,,150,CXB-600,CUSTOMER
HORTFORD,雲豹,,CXL-500,1003256,2006/2/7,150,CXL-500,CUSTOMER
KAWASAKI,B1三輪車,水藍,AAA-111,,,125,AAA-111,CUSTOMER
KAWASAKI,KAWASAKIB1,黑,ALB-418,,,125,ALB-418,CUSTOMER
KAWASAKI,B1,,ANQ-993,,,125,ANQ-993,CUSTOMER
KAWASAKI,,,CCY-696,,,250,CCY-696,CUSTOMER
KYMCO,,,001-EPF,,,125,001-EPF,CUSTOMER
KYMCO,,,008-BFK,,,100,008-BFK,CUSTOMER
KYMCO,,,008-HLF,,,100,008-HLF,CUSTOMER
KYMCO,rx110,,010-BEJ,,,100,010-BEJ,CUSTOMER
KYMCO,雷霆,,010-ESM,,,150,010-ESM,CUSTOMER
KYMCO,,,010-EWP,,,150,010-EWP,CUSTOMER
KYMCO,,,010-FUX,,,150,010-FUX,CUSTOMER
KYMCO,,,017-KTA,,,125,017-KTA,CUSTOMER
KYMCO,G5,,028-JYF,SE25AA-1199929,,125,028-JYF,CUSTOMER
KYMCO,奔馳,,055-CXU,,,125,055-CXU,CUSTOMER
KYMCO,,,057-DPZ,,,125,057-DPZ,CUSTOMER
KYMCO,,,061-JQZ,,,125,061-JQZ,CUSTOMER
KYMCO,,,068-ENZ,,,125,068-ENZ,CUSTOMER
KYMCO,,,090-HPR,,,125,090-HPR,CUSTOMER
KYMCO,金牌,,091-CUT,,,125,091-CUT,CUSTOMER
KYMCO,G5,,096-GFG,,,125,096-GFG,CUSTOMER
KYMCO,JR,,106-BFG,,,100,106-BFG,CUSTOMER
KYMCO,,,113-KBP,,,125,113-KBP,CUSTOMER
KYMCO,g3,,117-GAV,,,125,117-GAV,CUSTOMER
KYMCO,,,119-HLS,,,125,119-HLS,CUSTOMER
KYMCO,,,128-HQT,,,150,128-HQT,CUSTOMER
KYMCO,GP,,132-CLK,,,125,132-CLK,CUSTOMER
KYMCO,,,139-BYD,,,125,139-BYD,CUSTOMER
KYMCO,,,139-DCY,,,125,139-DCY,CUSTOMER
KYMCO,g3,,139-DYC,,,125,139-DYC,CUSTOMER
KYMCO,,,150-JDZ,,,100,150-JDZ,CUSTOMER
KYMCO,三冠王,,155-EXJ,,,125,155-EXJ,CUSTOMER
KYMCO,g5,,156-BLM,,,125,156-BLM,CUSTOMER
KYMCO,,,157-BEZ,,,100,157-BEZ,CUSTOMER
KYMCO,G5,,163-CUT,,,125,163-CUT,CUSTOMER
KYMCO,酷龍,,165-ESG,,,150,165-ESG,CUSTOMER
KYMCO,奔馳,,169-BAG,,,125,169-BAG,CUSTOMER
KYMCO,,,170-JAJ,,,125,170-JAJ,CUSTOMER
KYMCO,G5,,173-GFF,,,125,173-GFF,CUSTOMER
KYMCO,G5,,176-KCN,,,150,176-KCN,CUSTOMER
KYMCO,,,180-EQM,,,100,180-EQM,CUSTOMER
KYMCO,gp fi,,180-KAL,,,125,180-KAL,CUSTOMER
KYMCO,JR,,185-EWG,,,100,185-EWG,CUSTOMER
KYMCO,,,187-JKV,,2012/9/12,125,187-JKV,CUSTOMER
KYMCO,,,188-HLA,,,125,188-HLA,CUSTOMER
KYMCO,,,193-EPY,,,150,193-EPY,CUSTOMER
KYMCO,,,195-CJC,,,125,195-CJC,CUSTOMER
KYMCO,KIWI100,,199-ECM,,,100,199-ECM,CUSTOMER
KYMCO,,,202-BFE,,,125,202-BFE,CUSTOMER
KYMCO,雷霆,紅,211-ECY,,2009/3/26,150,211-ECY,CUSTOMER
KYMCO,,,213-QAD,,,50,213-QAD,CUSTOMER
KYMCO,,,217-GLC,,,125,217-GLC,CUSTOMER
KYMCO,,,218-GCC,,,150,218-GCC,CUSTOMER
KYMCO,,,220-GEJ,,,100,220-GEJ,CUSTOMER
KYMCO,奔騰ｇ５,,221-BEL,SE25AA-119929,2007/9/6,125,221-BEL,CUSTOMER
KYMCO,,,227-DGD,,,125,227-DGD,CUSTOMER
KYMCO,v2,,230-KJB,,,125,230-KJB,CUSTOMER
KYMCO,,,231-CLG,,,100,231-CLG,CUSTOMER
KYMCO,,,233-ESJ,,,125,233-ESJ,CUSTOMER
KYMCO,,,237-HQB,,,125,237-HQB,CUSTOMER
KYMCO,奔騰,黑,239-ECM,,,125,239-ECM,CUSTOMER
KYMCO,,,262-CXX,,,125,262-CXX,CUSTOMER
KYMCO,,,265-KCF,,,125,265-KCF,CUSTOMER
KYMCO,,,269-EWT,,,125,269-EWT,CUSTOMER
KYMCO,,,289-BZL,,,125,289-BZL,CUSTOMER
KYMCO,,,289-EZL,SJ25EA-109151,,125,289-EZL,CUSTOMER
KYMCO,RACING,,291-CVU,,,150,291-CVU,CUSTOMER
KYMCO,雷霆,,291-CVV,,,125,291-CVV,CUSTOMER
KYMCO,v2,,291-KGZ,,,125,291-KGZ,CUSTOMER
KYMCO,,,292-KBC,,,100,292-KBC,CUSTOMER
KYMCO,,,2FP-769,,,125,2FP-769,CUSTOMER
KYMCO,金牌,,2GX-868,,,125,2GX-868,CUSTOMER
KYMCO,,,300-KGV,,,125,300-KGV,CUSTOMER
KYMCO,,,309-EZS,,,150,309-EZS,CUSTOMER
KYMCO,,,311-ESR,,,110,311-ESR,CUSTOMER
KYMCO,金牌,,312-EQW,,,125,312-EQW,CUSTOMER
KYMCO,,,315-BNF,,,100,315-BNF,CUSTOMER
KYMCO,奔騰V1,,315-GFG,,,125,315-GFG,CUSTOMER
KYMCO,,,332-EPJ,,,100,332-EPJ,CUSTOMER
KYMCO,G4,,35P-DEF,,,125,35P-DEF,CUSTOMER
KYMCO,超5,,363-KGZ,,,125,363-KGZ,CUSTOMER
KYMCO,,,372-GCB,,,125,372-GCB,CUSTOMER
KYMCO,JR,,377-BND,,,100,377-BND,CUSTOMER
KYMCO,GP125,,378-BDS,,,125,378-BDS,CUSTOMER
KYMCO,g5,,379-BHH,,,125,379-BHH,CUSTOMER
KYMCO,JR,,382-BFB,,,100,382-BFB,CUSTOMER
KYMCO,,,386-KER,,,150,386-KER,CUSTOMER
KYMCO,,,387-KDA,,,125,387-KDA,CUSTOMER
KYMCO,,,389-DJE,,,100,389-DJE,CUSTOMER
KYMCO,,,396-EPH,,,125,396-EPH,CUSTOMER
KYMCO,金牌,,399-BNN,,,125,399-BNN,CUSTOMER
KYMCO,kiwi,,3FQ-150,,,100,3FQ-150,CUSTOMER
KYMCO,g3,,444-AAA,,,125,444-AAA,CUSTOMER
KYMCO,g3,,444-MMM,,,125,444-MMM,CUSTOMER
KYMCO,,,510-HQL,,,150,510-HQL,CUSTOMER
KYMCO,NSR,,513-ERH,,,0,513-ERH,CUSTOMER
KYMCO,,,522-CWE,,,100,522-CWE,CUSTOMER
KYMCO,,,528-CVL,RT30AU-104985,1994/12/14,150,528-CVL,CUSTOMER
KYMCO,G5,,555-KCQ,,,125,555-KCQ,CUSTOMER
KYMCO,,,557-GJF,,,100,557-GJF,CUSTOMER
KYMCO,,,562-HQW,,,125,562-HQW,CUSTOMER
KYMCO,GP,紅,565-BYB,,,124,565-BYB,CUSTOMER
KYMCO,G5,,566-EPF,,,125,566-EPF,CUSTOMER
KYMCO,,,570-DDB,,,125,570-DDB,CUSTOMER
KYMCO,頂客180,白,575-CVU,,,125,575-CVU,CUSTOMER
KYMCO,g3,,575-EFP,,,125,575-EFP,CUSTOMER
KYMCO,vp,,581-KRE,,,125,581-KRE,CUSTOMER
KYMCO,g5,,587-BFT,,,125,587-BFT,CUSTOMER
KYMCO,,,589-DFR,SG20AB-A11285,,101,589-DFR,CUSTOMER
KYMCO,金牌,,590-KCW,,,125,590-KCW,CUSTOMER
KYMCO,雷霆,,595-HRP,,,150,595-HRP,CUSTOMER
KYMCO,,,599-HPX,,,125,599-HPX,CUSTOMER
KYMCO,金牌,,603-CWB,,,125,603-CWB,CUSTOMER
KYMCO,G5,,606-BER,,,125,606-BER,CUSTOMER
KYMCO,many fi,,627-KTC,,,100,627-KTC,CUSTOMER
KYMCO,JR,,653-BYC,,,100,653-BYC,CUSTOMER
KYMCO,,,653-GRX,,,100,653-GRX,CUSTOMER
KYMCO,,,658-HRV,,,150,658-HRV,CUSTOMER
KYMCO,,,661-HUK,,,125,661-HUK,CUSTOMER
KYMCO,,,662-BEK,,,125,662-BEK,CUSTOMER
KYMCO,,,665-DCD,,,125,665-DCD,CUSTOMER
KYMCO,,,666-BBM,,,999,666-BBM,CUSTOMER
KYMCO,V2,,677-KGW,,,125,677-KGW,CUSTOMER
KYMCO,,,678-BWG,,,150,678-BWG,CUSTOMER
KYMCO,JR100,,681-DTQ,,,100,681-DTQ,CUSTOMER
KYMCO,,,695-EWQ,,,125,695-EWQ,CUSTOMER
KYMCO,,,6GJ-551,,,125,6GJ-551,CUSTOMER
KYMCO,,,6HC-291,,,100,6HC-291,CUSTOMER
KYMCO,SR-125,,6HM-826,,,125,6HM-826,CUSTOMER
KYMCO,,,6HP-229,,,125,6HP-229,CUSTOMER
KYMCO,金牌,,6HQ-113,,,125,6HQ-113,CUSTOMER
KYMCO,,,700-KBX,SR25BA-209968,2012/6/15,125,700-KBX,CUSTOMER
KYMCO,,,701-ESQ,,,100,701-ESQ,CUSTOMER
KYMCO,頂客250,,717-HSE,,,250,717-HSE,CUSTOMER
KYMCO,,,718-EPP,,,100,718-EPP,CUSTOMER
KYMCO,,,719-BLU,,,125,719-BLU,CUSTOMER
KYMCO,,,721-BWF,,,100,721-BWF,CUSTOMER
KYMCO,g5,,722-ESG,,,150,722-ESG,CUSTOMER
KYMCO,g5,,727-GFC,,,150,727-GFC,CUSTOMER
KYMCO,奔馳125,,735-EFV,SA25GM202138,2008/12/29,125,735-EFV,CUSTOMER
KYMCO,g5,,736-BNE,,,125,736-BNE,CUSTOMER
KYMCO,,,751-JNT,,,100,751-JNT,CUSTOMER
KYMCO,KTR,黑,760-BYD,RK30BA-112279,2008/2/22,150,760-BYD,CUSTOMER
KYMCO,奔,,776-BGK,,,125,776-BGK,CUSTOMER
KYMCO,,,778-KRV,,,125,778-KRV,CUSTOMER
KYMCO,,,783-GAJ,,,150,783-GAJ,CUSTOMER
KYMCO,GP,,785-BEN,,,125,785-BEN,CUSTOMER
KYMCO,g5,,791-BGR,,,125,791-BGR,CUSTOMER
KYMCO,jr,,795-GDM,,,100,795-GDM,CUSTOMER
KYMCO,GP,,797-CLG,,,125,797-CLG,CUSTOMER
KYMCO,,,7GD-253,,,125,7GD-253,CUSTOMER
KYMCO,得意,,7MM-727,,,100,7MM-727,CUSTOMER
KYMCO,酷龍,,800-CHV,,,150,800-CHV,CUSTOMER
KYMCO,金勇,,801-HLV,,,150,801-HLV,CUSTOMER
KYMCO,JP,,802-BBZ,,,125,802-BBZ,CUSTOMER
KYMCO,VP,,802-DDZ,,,125,802-DDZ,CUSTOMER
KYMCO,,,806-DSB,,,125,806-DSB,CUSTOMER
KYMCO,,,807-EHA,,,125,807-EHA,CUSTOMER
KYMCO,ktr,,820-DTR,,,150,820-DTR,CUSTOMER
KYMCO,g3,,821-BGJ,,,125,821-BGJ,CUSTOMER
KYMCO,,,821-EQC,,,125,821-EQC,CUSTOMER
KYMCO,,,822-BNX,,,100,822-BNX,CUSTOMER
KYMCO,,,822-CXF,SD25KF802243,2008/9/1,125,822-CXF,CUSTOMER
KYMCO,,,839-QHL,,,50,839-QHL,CUSTOMER
KYMCO,g3,,853-BGV,,,125,853-BGV,CUSTOMER
KYMCO,ktr,,860-BXB,,,125,860-BXB,CUSTOMER
KYMCO,奔馳,,860-CHJ,,,124,860-CHJ,CUSTOMER
KYMCO,JOCKEY-V1,銀,865-GRV,SJ25HE-105222,,125,865-GRV,CUSTOMER
KYMCO,g5,,867-ECM,,,150,867-ECM,CUSTOMER
KYMCO,v2,,872-HSH,,,125,872-HSH,CUSTOMER
KYMCO,jr,,881-BFU,,,100,881-BFU,CUSTOMER
KYMCO,,,882-EPF,,,150,882-EPF,CUSTOMER
KYMCO,,,882-ESR,,,100,882-ESR,CUSTOMER
KYMCO,,,885-CGR,,,125,885-CGR,CUSTOMER
KYMCO,得意,,888-BEV,,,100,888-BEV,CUSTOMER
KYMCO,JR,,893-DYA,,,100,893-DYA,CUSTOMER
KYMCO,GP,銀,897-CUJ,,,125,897-CUJ,CUSTOMER
KYMCO,G4,,8HA-261,,,125,8HA-261,CUSTOMER
KYMCO,G4,,8HB-691,,,125,8HB-691,CUSTOMER
KYMCO,,,8HN-102,,,100,8HN-102,CUSTOMER
KYMCO,JR,,8HT-097,,,100,8HT-097,CUSTOMER
KYMCO,,,8HT-102,,,125,8HT-102,CUSTOMER
KYMCO,,,8HT-827,,,125,8HT-827,CUSTOMER
KYMCO,,,8HU-376,,,100,8HU-376,CUSTOMER
KYMCO,,,8HY-011,,,125,8HY-011,CUSTOMER
KYMCO,JR,,8HY-219,,,100,8HY-219,CUSTOMER
KYMCO,奔騰,,8HZ-581,SD25LF-203899,2007/4/11,125,8HZ-581,CUSTOMER
KYMCO,奔馳,,900-BNV,,,150,900-BNV,CUSTOMER
KYMCO,,,910-HRJ,,,125,910-HRJ,CUSTOMER
KYMCO,,,913-CLP,,,125,913-CLP,CUSTOMER
KYMCO,JR,,918-BDX,,,100,918-BDX,CUSTOMER
KYMCO,得意,,922-EQF,,,100,922-EQF,CUSTOMER
KYMCO,,,923-CLM,,,100,923-CLM,CUSTOMER
KYMCO,,,923-HQV,,,125,923-HQV,CUSTOMER
KYMCO,,,935-KUT,,,125,935-KUT,CUSTOMER
KYMCO,,,936-HBF,,,100,936-HBF,CUSTOMER
KYMCO,vp,,938-DDK,,,125,938-DDK,CUSTOMER
KYMCO,jr,,950-GRU,,,100,950-GRU,CUSTOMER
KYMCO,,,955-BLX,,,125,955-BLX,CUSTOMER
KYMCO,NSR,,956-ECM,,,150,956-ECM,CUSTOMER
KYMCO,,,961-HRG,,,125,961-HRG,CUSTOMER
KYMCO,三冠王,,962-CGV,,,150,962-CGV,CUSTOMER
KYMCO,g5,,963-BEW,,,125,963-BEW,CUSTOMER
KYMCO,,,963-EZZ,,,125,963-EZZ,CUSTOMER
KYMCO,,,963-GAH,,,125,963-GAH,CUSTOMER
KYMCO,jr,,971-BYS,,,100,971-BYS,CUSTOMER
KYMCO,ktr,,982-ERC,,,150,982-ERC,CUSTOMER
KYMCO,,,987-EGH,SE25AA-144068,,125,987-EGH,CUSTOMER
KYMCO,v1,,987-EPE,,,125,987-EPE,CUSTOMER
KYMCO,雷霆,,992-EST,,2010/11/22,150,992-EST,CUSTOMER
KYMCO,,,992-QCD,,,50,992-QCD,CUSTOMER
KYMCO,,,997-GDN,,,125,997-GDN,CUSTOMER
KYMCO,ktr,,9HK-857,,,150,9HK-857,CUSTOMER
KYMCO,,,9HM-231,,,125,9HM-231,CUSTOMER
KYMCO,,,9HM-271,,,125,9HM-271,CUSTOMER
KYMCO,gy6,,9HN-859,,,125,9HN-859,CUSTOMER
KYMCO,G4,,9HU-029,,,125,9HU-029,CUSTOMER
KYMCO,JR,,9HW-999,,,101,9HW-999,CUSTOMER
KYMCO,JR,,9HY-376,,,100,9HY-376,CUSTOMER
KYMCO,G4,,A2F-508,,,125,A2F-508,CUSTOMER
KYMCO,evo,,A2F-586,,,150,A2F-586,CUSTOMER
KYMCO,,,A2N-919,,,125,A2N-919,CUSTOMER
KYMCO,,,A2Q-679,,,125,A2Q-679,CUSTOMER
KYMCO,,,A2X-711,,,125,A2X-711,CUSTOMER
KYMCO,,,A3B-393,,,100,A3B-393,CUSTOMER
KYMCO,金牌,,A3E-221,,,125,A3E-221,CUSTOMER
KYMCO,,,A3G-697,,,125,A3G-697,CUSTOMER
KYMCO,g3,,A3K-296,,,125,A3K-296,CUSTOMER
KYMCO,JR,,A3N-856,,,101,A3N-856,CUSTOMER
KYMCO,G4,,A3P-718,,,125,A3P-718,CUSTOMER
KYMCO,gp,,A3S-167,,,125,A3S-167,CUSTOMER
KYMCO,,,A3T-316,SD25YA-108465,,125,A3T-316,CUSTOMER
KYMCO,奔馳,,A3U-152,,,125,A3U-152,CUSTOMER
KYMCO,頂客,,A3X-789,,,150,A3X-789,CUSTOMER
KYMCO,g3,,AA2-350,,,125,AA2-350,CUSTOMER
KYMCO,,,AA7-506,,,100,AA7-506,CUSTOMER
KYMCO,,,AA9-417,SA25GD141455,2004/10/11,125,AA9-417,CUSTOMER
KYMCO,GY6,,AAG-795,,,125,AAG-795,CUSTOMER
KYMCO,gy6,,AAH-790,,,125,AAH-790,CUSTOMER
KYMCO,gy6,,AAK-457,,,125,AAK-457,CUSTOMER
KYMCO,,,AAM-339,,,125,AAM-339,CUSTOMER
KYMCO,gy6,,AAY-899,,,125,AAY-899,CUSTOMER
KYMCO,GY6,,AAZ-888,,,125,AAZ-888,CUSTOMER
KYMCO,,,AB7-812,,,125,AB7-812,CUSTOMER
KYMCO,得意,,AB9-355,,,100,AB9-355,CUSTOMER
KYMCO,GY6,,ABD-243,,,125,ABD-243,CUSTOMER
KYMCO,vp,,ABH-0108,,,125,ABH-0108,CUSTOMER
KYMCO,gy6,,ACA-356,,,125,ACA-356,CUSTOMER
KYMCO,,,ACE-339,,,125,ACE-339,CUSTOMER
KYMCO,豪漢,,ADQ-832,,,125,ADQ-832,CUSTOMER
KYMCO,gy6,,AEC-396,,,125,AEC-396,CUSTOMER
KYMCO,gy6,,AEY-717,,,125,AEY-717,CUSTOMER
KYMCO,g3,,AF9-171,,,125,AF9-171,CUSTOMER
KYMCO,,,AFR-230,,,125,AFR-230,CUSTOMER
KYMCO,GY6,,AFX-615,,1993/3/18,124,AFX-615,CUSTOMER
KYMCO,,,AIB-445,,,125,AIB-445,CUSTOMER
KYMCO,,,AII-742,,,125,AII-742,CUSTOMER
KYMCO,,,AJ2-001,,,100,AJ2-001,CUSTOMER
KYMCO,得意,,AK5-622,,,100,AK5-622,CUSTOMER
KYMCO,,,AK5-771,,,100,AK5-771,CUSTOMER
KYMCO,,,ALN-210,GY6D2-122679,1994/6/6,125,ALN-210,CUSTOMER
KYMCO,gy6,,ALT-738,,,125,ALT-738,CUSTOMER
KYMCO,,,ALX-193,,,125,ALX-193,CUSTOMER
KYMCO,gy6,,ALY-535,,,125,ALY-535,CUSTOMER
KYMCO,,,AMB-170,,,125,AMB-170,CUSTOMER
KYMCO,豪漢,,AMK-517,,,150,AMK-517,CUSTOMER
KYMCO,gy6,,AMK-623,,,125,AMK-623,CUSTOMER
KYMCO,豪漢,,ANI-421,,,125,ANI-421,CUSTOMER
KYMCO,GY6,,ANL-385,,,125,ANL-385,CUSTOMER
KYMCO,gy6,,ANV-885,,,125,ANV-885,CUSTOMER
KYMCO,gy6,,AOD-048,,,125,AOD-048,CUSTOMER
KYMCO,gy6,,AOE-176,,,125,AOE-176,CUSTOMER
KYMCO,豪邁,,AOG-189,,,125,AOG-189,CUSTOMER
KYMCO,,,AOG-851,,,125,AOG-851,CUSTOMER
KYMCO,,,AOK-725,,,125,AOK-725,CUSTOMER
KYMCO,GY6,,AOL-031,SA25AX-132172,1995/12/19,125,AOL-031,CUSTOMER
KYMCO,,,AOQ-832,SA30AF-100546,1996/3/15,125,AOQ-832,CUSTOMER
KYMCO,GY6,,AOW-100,,,125,AOW-100,CUSTOMER
KYMCO,gy6,,AOX-109,,,125,AOX-109,CUSTOMER
KYMCO,gy6,,AOX-827,,,125,AOX-827,CUSTOMER
KYMCO,金勇,,APF-617,KE2E-317488,1995/5/4,125,APF-617,CUSTOMER
KYMCO,勁150,,APF-800,,,150,APF-800,CUSTOMER
KYMCO,,,APF-835,,,125,APF-835,CUSTOMER
KYMCO,,,APG-813,GY6D2-192631,1995/5/31,125,APG-813,CUSTOMER
KYMCO,迪爵,,APH-581,,,125,APH-581,CUSTOMER
KYMCO,,,APJ-356,,,125,APJ-356,CUSTOMER
KYMCO,,,APM-169,,,125,APM-169,CUSTOMER
KYMCO,金勇,,AQP-441,RA25AB-1010539,1995/9/4,125,AQP-441,CUSTOMER
KYMCO,,,AQQ-096,SA25AX-103370,1995/9/1,125,AQQ-096,CUSTOMER
KYMCO,,,AQX-489,,,125,AQX-489,CUSTOMER
KYMCO,KY125,,AR9-377,,,125,AR9-377,CUSTOMER
KYMCO,,,ARJ-586,,,125,ARJ-586,CUSTOMER
KYMCO,gy6,,ARS-959,,,125,ARS-959,CUSTOMER
KYMCO,三冠王,,ASM-386,,,125,ASM-386,CUSTOMER
KYMCO,,,ASN-819,,,125,ASN-819,CUSTOMER
KYMCO,三冠王,黑藍,AST-169,SD25AB-110097,1996/9/3,124,AST-169,CUSTOMER
KYMCO,gy6,,ATC-765,,,125,ATC-765,CUSTOMER
KYMCO,豪漢,,ATI-310,,,125,ATI-310,CUSTOMER
KYMCO,GY6,,ATW-342,,,125,ATW-342,CUSTOMER
KYMCO,gy6,,ATZ-187,,,125,ATZ-187,CUSTOMER
KYMCO,三冠王,,AUE-626,,,125,AUE-626,CUSTOMER
KYMCO,,,AUR-152,,,125,AUR-152,CUSTOMER
KYMCO,三冠王,,AUW-766,SD25AF-105200,1997/9/8,125,AUW-766,CUSTOMER
KYMCO,,,AUY-711,,,125,AUY-711,CUSTOMER
KYMCO,豪邁,,AUZ-492,,,125,AUZ-492,CUSTOMER
KYMCO,G3,,AV8-261,,,125,AV8-261,CUSTOMER
KYMCO,gy6,,AVM-073,,,125,AVM-073,CUSTOMER
KYMCO,A博士,,AVW-840,,,150,AVW-840,CUSTOMER
KYMCO,g3,,AWD-569,,,125,AWD-569,CUSTOMER
KYMCO,豪邁50,,AWK-925,,,50,AWK-925,CUSTOMER
KYMCO,迪爵,,AWP-017,,,125,AWP-017,CUSTOMER
KYMCO,,,AWQ-273,,,90,AWQ-273,CUSTOMER
KYMCO,a博士,,AWR-662,,,150,AWR-662,CUSTOMER
KYMCO,,,AWS-058,,,50,AWS-058,CUSTOMER
KYMCO,A博士,,AWS-249,,,150,AWS-249,CUSTOMER
KYMCO,三冠王,,AWS-266,,,125,AWS-266,CUSTOMER
KYMCO,,,AWV-341,,,125,AWV-341,CUSTOMER
KYMCO,A博士,,AWV-808,,,150,AWV-808,CUSTOMER
KYMCO,三冠王,,AWZ-847,,,125,AWZ-847,CUSTOMER
KYMCO,a博士,,AXC-457,,,150,AXC-457,CUSTOMER
KYMCO,,,AXH-006,,,125,AXH-006,CUSTOMER
KYMCO,,,AXL-287,,,125,AXL-287,CUSTOMER
KYMCO,,,AXQ-489,,,125,AXQ-489,CUSTOMER
KYMCO,奔馳,,AXT-160,,,125,AXT-160,CUSTOMER
KYMCO,g3,,AXZ-139,,,125,AXZ-139,CUSTOMER
KYMCO,G4,,AY8-592,SD25LD-101396,2004/8/26,125,AY8-592,CUSTOMER
KYMCO,,,AYG-493,,,125,AYG-493,CUSTOMER
KYMCO,三冠王,,AYG-991,,,125,AYG-991,CUSTOMER
KYMCO,三冠王,,AYO-102,,,125,AYO-102,CUSTOMER
KYMCO,三冠王,,AYO-538,SD25AF-113905,1998/4/10,125,AYO-538,CUSTOMER
KYMCO,豪邁,,AYO-856,,,125,AYO-856,CUSTOMER
KYMCO,豪邁,,AYO-865,,,125,AYO-865,CUSTOMER
KYMCO,,白色,AYT-067,SD15AA-117273,,50,AYT-067,CUSTOMER
KYMCO,三冠王,,AYU-678,,,150,AYU-678,CUSTOMER
KYMCO,g3,,AYW-679,,,125,AYW-679,CUSTOMER
KYMCO,GOING,,AZI-777,,,100,AZI-777,CUSTOMER
KYMCO,g3,,AZK-190,,,125,AZK-190,CUSTOMER
KYMCO,a博士,,AZQ-252,,,150,AZQ-252,CUSTOMER
KYMCO,奔騰,,AZQ-392,,,125,AZQ-392,CUSTOMER
KYMCO,三冠王,,AZT-169,,,125,AZT-169,CUSTOMER
KYMCO,,,AZV-457,,,125,AZV-457,CUSTOMER
KYMCO,,,BA7-975,,,100,BA7-975,CUSTOMER
KYMCO,g3,,BAB-826,,,125,BAB-826,CUSTOMER
KYMCO,奔騰1代,,BAD-821,SD25EC-122738,1999/4/6,125,BAD-821,CUSTOMER
KYMCO,,,BAE-336,,,125,BAE-336,CUSTOMER
KYMCO,G3,,BAJ-193,,,125,BAJ-193,CUSTOMER
KYMCO,豪邁奔騰G3,,BAT-460,SD25EB-121072,1999/7/8,125,BAT-460,CUSTOMER
KYMCO,SR,,BB9-675,,,125,BB9-675,CUSTOMER
KYMCO,風雲,,BBB-767,,,125,BBB-767,CUSTOMER
KYMCO,,,BBJ-231,,,125,BBJ-231,CUSTOMER
KYMCO,G3,,BBM-201,,,125,BBM-201,CUSTOMER
KYMCO,,,BBQ-651,SD25EF-111403,1999/10/12,124,BBQ-651,CUSTOMER
KYMCO,A博士,,BBT-316,,,125,BBT-316,CUSTOMER
KYMCO,,,BBZ-816,,,100,BBZ-816,CUSTOMER
KYMCO,三冠王,,BBZ-898,,,125,BBZ-898,CUSTOMER
KYMCO,g3,,BCC-573,SD25EE-109520,1999/11/26,125,BCC-573,CUSTOMER
KYMCO,奔騰,,BCF-782,,,125,BCF-782,CUSTOMER
KYMCO,,,BCG-577,,,125,BCG-577,CUSTOMER
KYMCO,奔騰,,BCH-676,,2000/1/25,125,BCH-676,CUSTOMER
KYMCO,,,BCJ-698,,,100,BCJ-698,CUSTOMER
KYMCO,g3,,BCJ-708,,,125,BCJ-708,CUSTOMER
KYMCO,豪邁,,BCN-266,,,124,BCN-266,CUSTOMER
KYMCO,g3,,BCQ-131,,,125,BCQ-131,CUSTOMER
KYMCO,,,BCR-753,,,125,BCR-753,CUSTOMER
KYMCO,,,BCT-652,,,100,BCT-652,CUSTOMER
KYMCO,奔,,BCV-291,,,125,BCV-291,CUSTOMER
KYMCO,,,BCY-569,,,125,BCY-569,CUSTOMER
KYMCO,g3,,BDC-030,,,125,BDC-030,CUSTOMER
KYMCO,奔騰125,,BDH-013,,,125,BDH-013,CUSTOMER
KYMCO,g3,,BDH-256,,,125,BDH-256,CUSTOMER
KYMCO,,,BDH-899,,,90,BDH-899,CUSTOMER
KYMCO,,,BDI-050,SG20AA-109187,2000/5/17,100,BDI-050,CUSTOMER
KYMCO,g3,,BDK-650,,,125,BDK-650,CUSTOMER
KYMCO,得意,,BDZ-050,,,100,BDZ-050,CUSTOMER
KYMCO,A博士,,BDZ-439,,,0,BDZ-439,CUSTOMER
KYMCO,奔騰,,BEA-115,,,125,BEA-115,CUSTOMER
KYMCO,如意,,BEA-968,,,124,BEA-968,CUSTOMER
KYMCO,,,BEC-675,,,125,BEC-675,CUSTOMER
KYMCO,奔騰1代碟,,BED-855,,,125,BED-855,CUSTOMER
KYMCO,,,BEE-686,SD25FA-109983,2000/9/9,124,BEE-686,CUSTOMER
KYMCO,得意,,BEE-903,,,100,BEE-903,CUSTOMER
KYMCO,金勇,,BEG-867,,,125,BEG-867,CUSTOMER
KYMCO,G3,,BEJ-015,,,125,BEJ-015,CUSTOMER
KYMCO,G3,,BEK-320,,,125,BEK-320,CUSTOMER
KYMCO,,,BEL-380,SG25GA-129666,2000/9/29,125,BEL-380,CUSTOMER
KYMCO,sd25ka,藍,BES-131,SD25KA-109055,2000/10/25,124,BES-131,CUSTOMER
KYMCO,g3,,BES-239,,,125,BES-239,CUSTOMER
KYMCO,,,BEU-438,,,125,BEU-438,CUSTOMER
KYMCO,奔騰 g3,,BEU-511,,,125,BEU-511,CUSTOMER
KYMCO,得意,,BFD-207,,,100,BFD-207,CUSTOMER
KYMCO,,,BFE-063,,,125,BFE-063,CUSTOMER
KYMCO,g3,,BFF-460,,,125,BFF-460,CUSTOMER
KYMCO,三冠王,,BFK-479,,,125,BFK-479,CUSTOMER
KYMCO,G3,,BFP-705,,,125,BFP-705,CUSTOMER
KYMCO,gy6,,BFR-915,SD25HB-100827,2001/4/12,125,BFR-915,CUSTOMER
KYMCO,,,BFX-216,,,125,BFX-216,CUSTOMER
KYMCO,奔騰,,BFX-713,,,125,BFX-713,CUSTOMER
KYMCO,,,BGB-895,,,125,BGB-895,CUSTOMER
KYMCO,,,BGG-867,,,125,BGG-867,CUSTOMER
KYMCO,g3,,BGK-795,,,125,BGK-795,CUSTOMER
KYMCO,,,BGL-820,,,125,BGL-820,CUSTOMER
KYMCO,三冠王,銀,BGQ-196,5FP-238686,2001/12/3,124,BGQ-196,CUSTOMER
KYMCO,G3,藍,BGQ-762,SD25KA-126116,2001/9/10,124,BGQ-762,CUSTOMER
KYMCO,,藍,BGR-792,SD25KC-108862,2005/9/19,124,BGR-792,CUSTOMER
KYMCO,,,BGS-858,,,100,BGS-858,CUSTOMER
KYMCO,G3,,BGU-180,,,125,BGU-180,CUSTOMER
KYMCO,,,BGV-777,SD25HA-128657,2001/10/9,125,BGV-777,CUSTOMER
KYMCO,得意100,,BGX-292,,,100,BGX-292,CUSTOMER
KYMCO,,,BHA-262,,,150,BHA-262,CUSTOMER
KYMCO,,,BHC-085,RA25BC-111873,2001/11/12,125,BHC-085,CUSTOMER
KYMCO,,,BHC-622,,,100,BHC-622,CUSTOMER
KYMCO,三冠王,,BHG-636,,,125,BHG-636,CUSTOMER
KYMCO,G3,,BHI-202,,,125,BHI-202,CUSTOMER
KYMCO,,,BHL-258,,,100,BHL-258,CUSTOMER
KYMCO,,,BHP-119,,,0,BHP-119,CUSTOMER
KYMCO,sd25kd,,BHP-401,SD25KD-102239,2002/2/26,124,BHP-401,CUSTOMER
KYMCO,,,BHQ-682,,,125,BHQ-682,CUSTOMER
KYMCO,,,BHR-702,,,100,BHR-702,CUSTOMER
KYMCO,G3,黑藍,BHS-611,SD25KD-102589,2002/3/15,125,BHS-611,CUSTOMER
KYMCO,頂客,,BHS-829,,,125,BHS-829,CUSTOMER
KYMCO,g3,,BHU-460,,,125,BHU-460,CUSTOMER
KYMCO,,,BHY-199,SD25AK-111192,2002/4/22,125,BHY-199,CUSTOMER
KYMCO,g3,,BII-576,,,125,BII-576,CUSTOMER
KYMCO,,,BIK-358,,,125,BIK-358,CUSTOMER
KYMCO,三冠王,,BIT-198,,,150,BIT-198,CUSTOMER
KYMCO,,,BIZ-681,,,125,BIZ-681,CUSTOMER
KYMCO,,,BJI-715,,,150,BJI-715,CUSTOMER
KYMCO,得意,,BJM-916,SG20AA-166491,2002/7/11,100,BJM-916,CUSTOMER
KYMCO,GY6,,BJN-987,,,125,BJN-987,CUSTOMER
KYMCO,4u,,BJQ-139,,,100,BJQ-139,CUSTOMER
KYMCO,g3,,BJQ-371,,,125,BJQ-371,CUSTOMER
KYMCO,g3,,BJR-206,,,125,BJR-206,CUSTOMER
KYMCO,,,BJT-377,,,0,BJT-377,CUSTOMER
KYMCO,,,BJV-206,SD25KE-105403,2002/8/16,124,BJV-206,CUSTOMER
KYMCO,gy6,,BJV-987,,,125,BJV-987,CUSTOMER
KYMCO,4u,,BLK-569,,,100,BLK-569,CUSTOMER
KYMCO,得意,,BLM-307,,,100,BLM-307,CUSTOMER
KYMCO,得意可鼓,水晶藍,BLM-327,SG20AE-112796,,100,BLM-327,CUSTOMER
KYMCO,,,BLW-261,,,125,BLW-261,CUSTOMER
KYMCO,,,BLY-036,,,125,BLY-036,CUSTOMER
KYMCO,,,BM6-591,,,100,BM6-591,CUSTOMER
KYMCO,g3噴射,,BND-618,,,125,BND-618,CUSTOMER
KYMCO,4U,,BNE-515,,,100,BNE-515,CUSTOMER
KYMCO,金勇,,BNI-557,RA25BC-117878,2003/5/28,125,BNI-557,CUSTOMER
KYMCO,奔馳,,BNK-075,,,125,BNK-075,CUSTOMER
KYMCO,g3,,BNL-501,,,125,BNL-501,CUSTOMER
KYMCO,,,BPE-228,,,125,BPE-228,CUSTOMER
KYMCO,,,BPH-272,,,125,BPH-272,CUSTOMER
KYMCO,,,BPV-858,,,125,BPV-858,CUSTOMER
KYMCO,G3,,BPX-360,,,125,BPX-360,CUSTOMER
KYMCO,奔馳,,BPY-380,,,125,BPY-380,CUSTOMER
KYMCO,,,BPZ-169,,,100,BPZ-169,CUSTOMER
KYMCO,得意,,BQ2-211,,,101,BQ2-211,CUSTOMER
KYMCO,得意,,BQ3-486,,,100,BQ3-486,CUSTOMER
KYMCO,,,BQ6-931,SG20JC-100832,2004/5/13,101,BQ6-931,CUSTOMER
KYMCO,4u,,BQA-562,SG20FB-562,2003/8/6,100,BQA-562,CUSTOMER
KYMCO,,黑,BQD-801,SD25FC102333,2003/8/22,125,BQD-801,CUSTOMER
KYMCO,奔騰ｇ４,,BQG-039,,,125,BQG-039,CUSTOMER
KYMCO,g3,,BQJ-091,,,125,BQJ-091,CUSTOMER
KYMCO,,,BQP-950,,,125,BQP-950,CUSTOMER
KYMCO,,,BQS-027,,,125,BQS-027,CUSTOMER
KYMCO,4u,,BR9-467,,,100,BR9-467,CUSTOMER
KYMCO,,,BS7-867,,,125,BS7-867,CUSTOMER
KYMCO,,,BVC-291,,,125,BVC-291,CUSTOMER
KYMCO,G3,,BVH-760,,,125,BVH-760,CUSTOMER
KYMCO,g3,,BVQ-513,,,125,BVQ-513,CUSTOMER
KYMCO,,,BVY-087,,,125,BVY-087,CUSTOMER
KYMCO,,,BW7-659,,,150,BW7-659,CUSTOMER
KYMCO,G3,,BWD-265,,,125,BWD-265,CUSTOMER
KYMCO,gy6,,BXH-382,,,125,BXH-382,CUSTOMER
KYMCO,得意,,C95-962,,,100,C95-962,CUSTOMER
KYMCO,,,CAA-753,,,125,CAA-753,CUSTOMER
KYMCO,g3,,CC8-072,,,125,CC8-072,CUSTOMER
KYMCO,,,CCG-490,,,125,CCG-490,CUSTOMER
KYMCO,GY6,,CDE-016,,,125,CDE-016,CUSTOMER
KYMCO,GY6,,CDG-240,,,125,CDG-240,CUSTOMER
KYMCO,豪漢,,CEI-660,,,150,CEI-660,CUSTOMER
KYMCO,GY6,,CEK-829,,,125,CEK-829,CUSTOMER
KYMCO,,,CEQ-165,,,125,CEQ-165,CUSTOMER
KYMCO,,,CFK-489,GY6D2-198907,1995/5/10,125,CFK-489,CUSTOMER
KYMCO,,,CHE-319,,,125,CHE-319,CUSTOMER
KYMCO,a博士,,CHI-595,,,150,CHI-595,CUSTOMER
KYMCO,A博士,,CHM-319,SF30AA-113493,1997/10/8,150,CHM-319,CUSTOMER
KYMCO,gy6,,CHQ-447,,,125,CHQ-447,CUSTOMER
KYMCO,A博士,,CHR-082,,,150,CHR-082,CUSTOMER
KYMCO,三冠王,,CHZ-537,,,125,CHZ-537,CUSTOMER
KYMCO,,,CIJ-752,,,125,CIJ-752,CUSTOMER
KYMCO,,,CIM-056,,,125,CIM-056,CUSTOMER
KYMCO,g3,,CIS-108,,,125,CIS-108,CUSTOMER
KYMCO,g3,,CIV-937,,,125,CIV-937,CUSTOMER
KYMCO,,,CJH-093,,,125,CJH-093,CUSTOMER
KYMCO,,,CJI-207,SD25KA-104650,2000/10/30,124,CJI-207,CUSTOMER
KYMCO,奔,,CJS-982,,,125,CJS-982,CUSTOMER
KYMCO,g3,,CJX-087,,,125,CJX-087,CUSTOMER
KYMCO,g3,,CJZ-399,,,125,CJZ-399,CUSTOMER
KYMCO,,,CKJ-902,,,125,CKJ-902,CUSTOMER
KYMCO,,,CKK-361,,,125,CKK-361,CUSTOMER
KYMCO,,,CKX-361,,,125,CKX-361,CUSTOMER
KYMCO,4u,,CL8-773,,,100,CL8-773,CUSTOMER
KYMCO,三冠王,,CLB-331,,,150,CLB-331,CUSTOMER
KYMCO,SD25FC,,CLE-865,SD25FC-103000,2003/11/14,125,CLE-865,CUSTOMER
KYMCO,得意,,CLH-666,,,100,CLH-666,CUSTOMER
KYMCO,G4,,CLL-839,SD25LA-105370,2011/1/18,125,CLL-839,CUSTOMER
KYMCO,gy6,,CLN-705,,,125,CLN-705,CUSTOMER
KYMCO,,,CLP-500,,,125,CLP-500,CUSTOMER
KYMCO,,,CLS-253,,,100,CLS-253,CUSTOMER
KYMCO,,,CLT-913,,,100,CLT-913,CUSTOMER
KYMCO,,,CLU-023,,,125,CLU-023,CUSTOMER
KYMCO,頂客,,CMA-995,,,150,CMA-995,CUSTOMER
KYMCO,G4,,CMF-871,,,125,CMF-871,CUSTOMER
KYMCO,得意,,CMJ-153,,,100,CMJ-153,CUSTOMER
KYMCO,ktr,,CMK-258,,,125,CMK-258,CUSTOMER
KYMCO,,,CMM-375,,,125,CMM-375,CUSTOMER
KYMCO,得意,,CMM-727,,,100,CMM-727,CUSTOMER
KYMCO,奔馳,,CMU-689,,,125,CMU-689,CUSTOMER
KYMCO,G4,,CMX-233,,,125,CMX-233,CUSTOMER
KYMCO,奔馳,,CMY-260,,,125,CMY-260,CUSTOMER
KYMCO,G4,,CND-551,,,125,CND-551,CUSTOMER
KYMCO,,,CNF-637,,,125,CNF-637,CUSTOMER
KYMCO,,,CNJ-009,,,125,CNJ-009,CUSTOMER
KYMCO,G4-125,,CNL-107,,,125,CNL-107,CUSTOMER
KYMCO,金勇,,CNN-830,,,125,CNN-830,CUSTOMER
KYMCO,奔騰Ｇ4,,CNY-596,,,125,CNY-596,CUSTOMER
KYMCO,,,CPB-030,,,0,CPB-030,CUSTOMER
KYMCO,g3,,CPB-811,,,125,CPB-811,CUSTOMER
KYMCO,g3,,CPE-397,,,125,CPE-397,CUSTOMER
KYMCO,,,CPN-399,,,100,CPN-399,CUSTOMER
KYMCO,,,CPN-693,,,125,CPN-693,CUSTOMER
KYMCO,JR,,CPR-857,,,100,CPR-857,CUSTOMER
KYMCO,,,CPZ-206,,,125,CPZ-206,CUSTOMER
KYMCO,g3,,CPZ-208,,,125,CPZ-208,CUSTOMER
KYMCO,得,,CQT-538,,,100,CQT-538,CUSTOMER
KYMCO,ktr,,CQW-211,,,125,CQW-211,CUSTOMER
KYMCO,G4,,CRE-138,,,125,CRE-138,CUSTOMER
KYMCO,奔騰g4,,CRH-589,,,125,CRH-589,CUSTOMER
KYMCO,搜索者,,CRH-822,DA30-100917,2002/9/11,150,CRH-822,CUSTOMER
KYMCO,,,CRY-695,,,125,CRY-695,CUSTOMER
KYMCO,g3,,CRZ-892,,,125,CRZ-892,CUSTOMER
KYMCO,,,CSG-507,,,125,CSG-507,CUSTOMER
KYMCO,G4,,CSH-875,,,125,CSH-875,CUSTOMER
KYMCO,G3,,CSJ-867,,,125,CSJ-867,CUSTOMER
KYMCO,KIWI,,CSK-725,,,100,CSK-725,CUSTOMER
KYMCO,G4,,CSP-126,SD25LG-105771,2005/5/27,125,CSP-126,CUSTOMER
KYMCO,,,CT7-618,,,100,CT7-618,CUSTOMER
KYMCO,,,CT9-515,,,125,CT9-515,CUSTOMER
KYMCO,,,CTF-075,,,125,CTF-075,CUSTOMER
KYMCO,,,CTF-092,,,100,CTF-092,CUSTOMER
KYMCO,,,CTH-755,,,125,CTH-755,CUSTOMER
KYMCO,頂客,,CTK-926,SH30DB-603291,2005/7/13,150,CTK-926,CUSTOMER
KYMCO,JR,,CTL-009,,,100,CTL-009,CUSTOMER
KYMCO,,,CTQ-651,RA25BC-603936,2005/8/26,124,CTQ-651,CUSTOMER
KYMCO,,,CTX-705,,,125,CTX-705,CUSTOMER
KYMCO,jr,,CTZ-399,,,100,CTZ-399,CUSTOMER
KYMCO,,,CUW-192,,,150,CUW-192,CUSTOMER
KYMCO,G4,銀,CVL-627,SD25LD-202406,2005/8/11,125,CVL-627,CUSTOMER
KYMCO,,,CVQ-077,,,125,CVQ-077,CUSTOMER
KYMCO,,,CVQ-818,,,150,CVQ-818,CUSTOMER
KYMCO,g4,,CVY-293,,,125,CVY-293,CUSTOMER
KYMCO,,,CW9-635,,,125,CW9-635,CUSTOMER
KYMCO,gp,,CWF-962,,,125,CWF-962,CUSTOMER
KYMCO,jr,,CWK-936,,,100,CWK-936,CUSTOMER
KYMCO,GP,,CWV-238,,,125,CWV-238,CUSTOMER
KYMCO,G4-125,黑,CX3-093,,,125,CX3-093,CUSTOMER
KYMCO,鼎客,,CXN-893,,2006/2/15,150,CXN-893,CUSTOMER
KYMCO,,,CXV-708,,,125,CXV-708,CUSTOMER
KYMCO,奔馳,,CXY-163,SA25GJ-124257,2006/3/24,125,CXY-163,CUSTOMER
KYMCO,,,CXZ-570,,,125,CXZ-570,CUSTOMER
KYMCO,,,CY8-826,,,125,CY8-826,CUSTOMER
KYMCO,,,CYB-208,,,125,CYB-208,CUSTOMER
KYMCO,,,CYB-737,SG20KA-208057,2006/4/7,101,CYB-737,CUSTOMER
KYMCO,,,CYQ-902,,,125,CYQ-902,CUSTOMER
KYMCO,顫匠,,CZV-818,,,125,CZV-818,CUSTOMER
KYMCO,jr,,DCP-112,,,100,DCP-112,CUSTOMER
KYMCO,,,DEU-648,,,50,DEU-648,CUSTOMER
KYMCO,,,DGY-609,,,50,DGY-609,CUSTOMER
KYMCO,翔鶴,,DIF-535,,,50,DIF-535,CUSTOMER
KYMCO,,,DIK-260,,,50,DIK-260,CUSTOMER
KYMCO,GR1N,,DJC-980,GR1N-103302,1994/4/19,50,DJC-980,CUSTOMER
KYMCO,ZAP,,DLY-670,,,50,DLY-670,CUSTOMER
KYMCO,,,DMO-840,,,100,DMO-840,CUSTOMER
KYMCO,豪美,,DOM-708,SA10AU-317148,1997/3/19,50,DOM-708,CUSTOMER
KYMCO,,,DOT-745,,,50,DOT-745,CUSTOMER
KYMCO,,,DOY-608,,,50,DOY-608,CUSTOMER
KYMCO,得意,,DOZ-108,SA10AA-121767,1997/7/9,49,DOZ-108,CUSTOMER
KYMCO,,,DPK-350,,,50,DPK-350,CUSTOMER
KYMCO,idol,,DPY-233,,,50,DPY-233,CUSTOMER
KYMCO,,,DQB-007,,,50,DQB-007,CUSTOMER
KYMCO,小豪邁,,DQB-951,,,50,DQB-951,CUSTOMER
KYMCO,,,DRE-846,,,50,DRE-846,CUSTOMER
KYMCO,勾引,,DRG-796,SB10BB-102481,1998/8/19,50,DRG-796,CUSTOMER
KYMCO,,,DRL-490,,,50,DRL-490,CUSTOMER
KYMCO,小豪邁,,DRL-956,,,50,DRL-956,CUSTOMER
OTHERS,,,009-93A,,,999,009-93A,CUSTOMER
OTHERS,,,009-9A3,,,999,009-9A3,CUSTOMER
OTHERS,蛋蛋車,,036-QBJ,,,50,036-QBJ,CUSTOMER
OTHERS,,,072-BFE,,,125,072-BFE,CUSTOMER
OTHERS,,,179-GHH,,,125,179-GHH,CUSTOMER
OTHERS,,,188-EDW,,,0,188-EDW,CUSTOMER
OTHERS,GSR,,189-BGN,,,125,189-BGN,CUSTOMER
OTHERS,,,200-BFW,,,125,200-BFW,CUSTOMER
OTHERS,沙比亞,,229-QCE,,,100,229-QCE,CUSTOMER
OTHERS,XR250R,白,250-XRR,,2004/11/24,249,250-XRR,CUSTOMER
OTHERS,adress,,257-CWL,,,125,257-CWL,CUSTOMER
OTHERS,,,257-CWY,,,125,257-CWY,CUSTOMER
OTHERS,小雲豹,,271-EGK,,,125,271-EGK,CUSTOMER
OTHERS,,,2T1-320,,,999,2T1-320,CUSTOMER
OTHERS,,,311-BFX,,,50,311-BFX,CUSTOMER
OTHERS,adress,,380-CBV,,,125,380-CBV,CUSTOMER
OTHERS,KAWASAKI,,444-BBB,,,125,444-BBB,CUSTOMER
OTHERS,,,444-CCC,,,0,444-CCC,CUSTOMER
OTHERS,,,580-HYK,,,999,580-HYK,CUSTOMER
OTHERS,adress,,581-GRV,,,125,581-GRV,CUSTOMER
OTHERS,,,6HB-380,,,125,6HB-380,CUSTOMER
OTHERS,GSR噴射,,761-GAL,DT03003441,2009/12/28,125,761-GAL,CUSTOMER
OTHERS,x-hot,,783-CNZ,,,0,783-CNZ,CUSTOMER
OTHERS,GSR,,790-BCE,,,125,790-BCE,CUSTOMER
OTHERS,台灣MOTO,,853-DMY,,,150,853-DMY,CUSTOMER
OTHERS,晶?,,8HZ-057,,,100,8HZ-057,CUSTOMER
OTHERS,,,8HZ-531,,,0,8HZ-531,CUSTOMER
OTHERS,蘭蒂,,932-QHM,,,50,932-QHM,CUSTOMER
OTHERS,,,990-CFF,,,0,990-CFF,CUSTOMER
OTHERS,,,9HL-300,,,0,9HL-300,CUSTOMER
OTHERS,Swing 125,,9HL-795,,,125,9HL-795,CUSTOMER
OTHERS,,,9HL-800,,,125,9HL-800,CUSTOMER
OTHERS,B1,,A00-135,,,125,A00-135,CUSTOMER
OTHERS,,,A2T-393,,,125,A2T-393,CUSTOMER
OTHERS,刀,,A38-368,,,100,A38-368,CUSTOMER
OTHERS,,,A3M-768,,,125,A3M-768,CUSTOMER
OTHERS,小山貓,,A3S-891,,,125,A3S-891,CUSTOMER
OTHERS,雄獅,,A3V-535,,,125,A3V-535,CUSTOMER
OTHERS,,,aaa-123,,2013/1/30,0,aaa-123,CUSTOMER
OTHERS,KAWASAKI,,ACQ-593,,,125,ACQ-593,CUSTOMER
OTHERS,,,ADM-950,,,125,ADM-950,CUSTOMER
OTHERS,,,AE0-071,,,999,AE0-071,CUSTOMER
OTHERS,,,AFI-107,,,125,AFI-107,CUSTOMER
OTHERS,B1,,AGQ-531,,,125,AGQ-531,CUSTOMER
OTHERS,,,ALD-993,,,125,ALD-993,CUSTOMER
OTHERS,,,AMJ-492,,,125,AMJ-492,CUSTOMER
OTHERS,,,ANL-835,,,125,ANL-835,CUSTOMER
OTHERS,B1,,AOO-135,,,125,AOO-135,CUSTOMER
OTHERS,,,AOT-420,,,90,AOT-420,CUSTOMER
OTHERS,B1,,AQQ-546,,,125,AQQ-546,CUSTOMER
OTHERS,雄獅,,AQW-809,,,125,AQW-809,CUSTOMER
OTHERS,,,ARO-193,,,125,ARO-193,CUSTOMER
OTHERS,,,AS9-101,,,0,AS9-101,CUSTOMER
OTHERS,雄獅,,ASI-800,,,125,ASI-800,CUSTOMER
OTHERS,,,ATG-765,,,125,ATG-765,CUSTOMER
OTHERS,金贏家,,ATJ-662,,,100,ATJ-662,CUSTOMER
OTHERS,,,AWK-739,,,0,AWK-739,CUSTOMER
OTHERS,雄,,AWZ-649,,,125,AWZ-649,CUSTOMER
OTHERS,,,AXC-636,,,0,AXC-636,CUSTOMER
OTHERS,,,AXQ-465,,,125,AXQ-465,CUSTOMER
OTHERS,,,AXT-615,,,125,AXT-615,CUSTOMER
OTHERS,雄獅,,AYD-762,,,125,AYD-762,CUSTOMER
OTHERS,星艦,,AZI-967,,,125,AZI-967,CUSTOMER
OTHERS,,,BAI-322,,,0,BAI-322,CUSTOMER
OTHERS,雄獅,,BAL-123,,,125,BAL-123,CUSTOMER
OTHERS,et8,,BAR-789,,,125,BAR-789,CUSTOMER
OTHERS,鈴木,,BAS-886,,,100,BAS-886,CUSTOMER
OTHERS,,,BBI-173,,,125,BBI-173,CUSTOMER
OTHERS,,,BDD-083,,,0,BDD-083,CUSTOMER
OTHERS,,,BDH-265,,,125,BDH-265,CUSTOMER
OTHERS,,,BDH-316,,,125,BDH-316,CUSTOMER
OTHERS,,,BDH-393,,,125,BDH-393,CUSTOMER
OTHERS,大悍,,BDS-311,,,125,BDS-311,CUSTOMER
OTHERS,,,BDT-260,,,125,BDT-260,CUSTOMER
OTHERS,,,BEG-903,,,0,BEG-903,CUSTOMER
OTHERS,,,BEK-701,,,0,BEK-701,CUSTOMER
OTHERS,,,BEV-452,,,150,BEV-452,CUSTOMER
OTHERS,,,BFG-500,,,0,BFG-500,CUSTOMER
OTHERS,RV150,,BHX-602,,,0,BHX-602,CUSTOMER
OTHERS,,,BK5-660,,,125,BK5-660,CUSTOMER
OTHERS,雄獅125,,BKZ-821,,,125,BKZ-821,CUSTOMER
OTHERS,VR,,BLV-083,,,150,BLV-083,CUSTOMER
OTHERS,,,BOH-256,,,125,BOH-256,CUSTOMER
OTHERS,SL230,銀,BPP-629,,,230,BPP-629,CUSTOMER
OTHERS,,,BPW-791,,,125,BPW-791,CUSTOMER
OTHERS,,,BPY-065,,,125,BPY-065,CUSTOMER
OTHERS,,,BPZ-877,,,90,BPZ-877,CUSTOMER
OTHERS,,,BQS-568,,,0,BQS-568,CUSTOMER
OTHERS,,,CHO-150,,,0,CHO-150,CUSTOMER
OTHERS,,,CKH-025,,,0,CKH-025,CUSTOMER
OTHERS,,,CLC-328,,,125,CLC-328,CUSTOMER
OTHERS,大悍,,CLC-760,,,125,CLC-760,CUSTOMER
OTHERS,,,CLM-602,,,125,CLM-602,CUSTOMER
OTHERS,VR,,CLV-233,,,125,CLV-233,CUSTOMER
OTHERS,,,CNU-573,,,0,CNU-573,CUSTOMER
OTHERS,,,CNY-323,MC15EW-1513893,2004/5/28,250,CNY-323,CUSTOMER
OTHERS,B1,,CRD-666,,,125,CRD-666,CUSTOMER
OTHERS,,,CRJ-057,,,0,CRJ-057,CUSTOMER
OTHERS,,,CRJ-687,,,125,CRJ-687,CUSTOMER
OTHERS,,,CRQ-038,,,125,CRQ-038,CUSTOMER
OTHERS,雲豹,,CRQ-109,,,150,CRQ-109,CUSTOMER
OTHERS,,,CSF-362,,,125,CSF-362,CUSTOMER
OTHERS,g-max,,CSF-751,,,150,CSF-751,CUSTOMER
OTHERS,晶?,,CSV-831,,,125,CSV-831,CUSTOMER
OTHERS,,,CVE-363,,,0,CVE-363,CUSTOMER
OTHERS,,,CWN-358,,,125,CWN-358,CUSTOMER
OTHERS,,,CWT-307,,,125,CWT-307,CUSTOMER
OTHERS,,,CXN-422,,,125,CXN-422,CUSTOMER
OTHERS,,,CYG-582,,,125,CYG-582,CUSTOMER
OTHERS,,,CYX-238,,,100,CYX-238,CUSTOMER
OTHERS,小張號,,DE0-131,,,999,DE0-131,CUSTOMER
PGO,,,515-BRF,,,125,515-BRF,CUSTOMER
PGO,,,656-HPZ,,,150,656-HPZ,CUSTOMER
PGO,,,763-GJF,,,125,763-GJF,CUSTOMER
PGO,hot,,AXZ-923,,,90,AXZ-923,CUSTOMER
PGO,HOT,,AZP-612,,,100,AZP-612,CUSTOMER
PGO,,,BJW-995,,,50,BJW-995,CUSTOMER
PGO,恰吉,,BVX-786,C2A02478,2000/9/19,124,BVX-786,CUSTOMER
PGO,,,CMF-515,,,125,CMF-515,CUSTOMER
SUZUKI,X星艦,,052-CLP,DL16501097,2008/3/10,125,052-CLP,CUSTOMER
SUZUKI,NS-R,,085-BEN,,,125,085-BEN,CUSTOMER
SUZUKI,,,119-CLB,,,125,119-CLB,CUSTOMER
SUZUKI,鈴木XR125,,152-BFF,,,125,152-BFF,CUSTOMER
SUZUKI,,,173-JXW,,,125,173-JXW,CUSTOMER
SUZUKI,,,175-ECT,,,125,175-ECT,CUSTOMER
SUZUKI,,,211-EQT,,,125,211-EQT,CUSTOMER
SUZUKI,ADRESS,,222-EMQ,,,0,222-EMQ,CUSTOMER
SUZUKI,,,272-ERL,,,125,272-ERL,CUSTOMER
SUZUKI,,,309-EZP,,,125,309-EZP,CUSTOMER
SUZUKI,,,380-CVB,,,125,380-CVB,CUSTOMER
SUZUKI,X星艦,,530-CVC,,,125,530-CVC,CUSTOMER
SUZUKI,GSR噴射,,556-GCP,,,125,556-GCP,CUSTOMER
SUZUKI,,,579-HTF,CG21006503,,99,579-HTF,CUSTOMER
SUZUKI,,,599-BLY,DN15000523,2007/10/16,125,599-BLY,CUSTOMER
SUZUKI,X星艦,,607-BFA,,,125,607-BFA,CUSTOMER
SUZUKI,晶?,,610-CWN,,,100,610-CWN,CUSTOMER
SUZUKI,ADRESS,鐵灰,630-HLG,DT02002917,2010/3/30,124,630-HLG,CUSTOMER
SUZUKI,,,699-HUU,,,150,699-HUU,CUSTOMER
SUZUKI,,,6HC-775,,,125,6HC-775,CUSTOMER
SUZUKI,GSR,,751-BFF,,,125,751-BFF,CUSTOMER
SUZUKI,,黑,770-HYJ,DT04500447,2011/5/25,125,770-HYJ,CUSTOMER
SUZUKI,,,807-JAC,,,100,807-JAC,CUSTOMER
SUZUKI,,,812-HUA,,,125,812-HUA,CUSTOMER
SUZUKI,ADRESS,,836-EQS,,,125,836-EQS,CUSTOMER
SUZUKI,,,853-CNU,,,125,853-CNU,CUSTOMER
SUZUKI,晶?,,856-CVF,,,100,856-CVF,CUSTOMER
SUZUKI,,,858-HTW,,,125,858-HTW,CUSTOMER
SUZUKI,gsr,,895-HUL,,,125,895-HUL,CUSTOMER
SUZUKI,,,8HE-275,,,125,8HE-275,CUSTOMER
SUZUKI,gsr,,900-BXA,,,125,900-BXA,CUSTOMER
SUZUKI,,,916-DEQ,,,100,916-DEQ,CUSTOMER
SUZUKI,GSR,,961-BFT,DP04001904,2008/1/2,125,961-BFT,CUSTOMER
SUZUKI,NEX GSR125,,982-EXA,,,125,982-EXA,CUSTOMER
SUZUKI,XR125,,9HA-905,DN08008503,2007/4/19,125,9HA-905,CUSTOMER
SUZUKI,GSR,,9HJ-332,,,125,9HJ-332,CUSTOMER
SUZUKI,,,A2N-201,,,0,A2N-201,CUSTOMER
SUZUKI,巨力,,ACK-711,,,125,ACK-711,CUSTOMER
SUZUKI,,,AJK-197,,,150,AJK-197,CUSTOMER
SUZUKI,金贏家,,ALK-696,,,0,ALK-696,CUSTOMER
SUZUKI,,,AOD-213,,,100,AOD-213,CUSTOMER
SUZUKI,雄獅,,AOS-137,,,125,AOS-137,CUSTOMER
SUZUKI,雄獅,,AOS-538,,,125,AOS-538,CUSTOMER
SUZUKI,,,AOX-995,,,150,AOX-995,CUSTOMER
SUZUKI,,,AQN-560,C3829535,1995/4/6,100,AQN-560,CUSTOMER
SUZUKI,金贏家,,AQZ-457,,,100,AQZ-457,CUSTOMER
SUZUKI,,,AR2-219,,,125,AR2-219,CUSTOMER
SUZUKI,星艦,,ARP-989,,,125,ARP-989,CUSTOMER
SUZUKI,,,ASJ-680,,,125,ASJ-680,CUSTOMER
SUZUKI,,,ATQ-890,C1016681,1996/12/29,124,ATQ-890,CUSTOMER
SUZUKI,雄獅,,AUC-902,,,125,AUC-902,CUSTOMER
SUZUKI,星艦,,AUF-042,D3325770,1997/6/21,125,AUF-042,CUSTOMER
SUZUKI,,,AUR-239,C1018860,1997/8/19,124,AUR-239,CUSTOMER
SUZUKI,星艦,,AWL-193,,,125,AWL-193,CUSTOMER
SUZUKI,星鑑,,AWL-955,EF11004762,1997/10/24,149,AWL-955,CUSTOMER
SUZUKI,,,AXP-966,,,125,AXP-966,CUSTOMER
SUZUKI,,,AYD-036,,,125,AYD-036,CUSTOMER
SUZUKI,,,AYV-289,C1022128,1998/5/21,124,AYV-289,CUSTOMER
SUZUKI,AN125U,,AZI-968,DF12015498,1998/11/5,124,AZI-968,CUSTOMER
SUZUKI,AG100,,AZS-367,,,100,AZS-367,CUSTOMER
SUZUKI,星艦,,BAA-550,,,124,BAA-550,CUSTOMER
SUZUKI,雄獅,,BCK-486,,,125,BCK-486,CUSTOMER
SUZUKI,水噹噹,,BDT-520,,,125,BDT-520,CUSTOMER
SUZUKI,金贏家,,BEX-621,,,100,BEX-621,CUSTOMER
SUZUKI,,,BGE-919,,,125,BGE-919,CUSTOMER
SUZUKI,,,BHD-407,,2001/11/22,0,BHD-407,CUSTOMER
SUZUKI,,,BHF-795,,,150,BHF-795,CUSTOMER
SUZUKI,雄獅,,BID-339,DG31008115,2002/1/17,125,BID-339,CUSTOMER
SUZUKI,,,BID-352,,,125,BID-352,CUSTOMER
SUZUKI,,,BJP-779,,,125,BJP-779,CUSTOMER
SUZUKI,,,BNX-188,DL11003015,2003/10/20,124,BNX-188,CUSTOMER
SUZUKI,,,BQ6-667,,,100,BQ6-667,CUSTOMER
SUZUKI,,,CHH-882,DF11000326,1997/7/18,124,CHH-882,CUSTOMER
SUZUKI,,,CID-028,,,150,CID-028,CUSTOMER
SUZUKI,雄獅,,CJT-076,DG31006489,2001/7/9,125,CJT-076,CUSTOMER
SUZUKI,沙比亞,,CLA-668,,,100,CLA-668,CUSTOMER
SUZUKI,,,CLX-331,,,125,CLX-331,CUSTOMER
SUZUKI,,,CNV-765,,,100,CNV-765,CUSTOMER
SUZUKI,,,CRA-132,,,125,CRA-132,CUSTOMER
SUZUKI,,,CRJ-759,,,125,CRJ-759,CUSTOMER
SUZUKI,晶?,,CS6-480,,,100,CS6-480,CUSTOMER
SUZUKI,,,CWD-002,,,125,CWD-002,CUSTOMER
SUZUKI,,,CWR-295,,,125,CWR-295,CUSTOMER
SUZUKI,水噹噹,,CXC-221,,,125,CXC-221,CUSTOMER
SUZUKI,,,CXG-258,DN11000449,2006/1/13,101,CXG-258,CUSTOMER
SUZUKI,X星艦,,CXK-382,,,125,CXK-382,CUSTOMER
SUZUKI,rzx,,CXS-183,DN09004566,2006/2/24,125,CXS-183,CUSTOMER
SUZUKI,,,CXZ-863,,,125,CXZ-863,CUSTOMER
SUZUKI,SWEET125,銀,CYQ-385,DH30303313,2006/4/7,125,CYQ-385,CUSTOMER
SUZUKI,,紅,DJM-831,D1300597,1994/10/8,49,DJM-831,CUSTOMER
SUZUKI,,,DLQ-808,,,100,DLQ-808,CUSTOMER
SYM,RX110,,002-BEJ,,,110,002-BEJ,CUSTOMER
SYM,,,006-DDH,,,150,006-DDH,CUSTOMER
SYM,戰將,,007-BNG,,,150,007-BNG,CUSTOMER
SYM,野狼,,010-CSA,,,125,010-CSA,CUSTOMER
SYM,,,010-EXH,,,125,010-EXH,CUSTOMER
SYM,,銀,030-CWZ,,,125,030-CWZ,CUSTOMER
SYM,GT,,030-EMQ,DY001003,2009/1/8,125,030-EMQ,CUSTOMER
SYM,FVR/150,白色,037-GVL,,,150,037-GVL,CUSTOMER
SYM,,,050-DEX,,,150,050-DEX,CUSTOMER
SYM,,,051-DEX,,,125,051-DEX,CUSTOMER
SYM,,,051-ECM,,,125,051-ECM,CUSTOMER
SYM,高手,,053-CVM,,,125,053-CVM,CUSTOMER
SYM,,,061-QAB,,,50,061-QAB,CUSTOMER
SYM,戰將,,062-CWZ,,,125,062-CWZ,CUSTOMER
SYM,金旺100,,063-CUS,,,100,063-CUS,CUSTOMER
SYM,戰將,,065-BYD,,,150,065-BYD,CUSTOMER
SYM,GT,,083-BYD,,,125,083-BYD,CUSTOMER
SYM,,,095-BKE,,,125,095-BKE,CUSTOMER
SYM,,,097-GGC,,,100,097-GGC,CUSTOMER
SYM,旺旺,,106-DTQ,,,100,106-DTQ,CUSTOMER
SYM,,,120-BLW,,,125,120-BLW,CUSTOMER
SYM,,,123-BSS,,,100,123-BSS,CUSTOMER
SYM,rx110,,125-DBD,,2008/5/7,100,125-DBD,CUSTOMER
SYM,,,126-HYN,,,125,126-HYN,CUSTOMER
SYM,PA12B,,132-HLX,RB071288,,124,132-HLX,CUSTOMER
SYM,,,137-DDM,,,125,137-DDM,CUSTOMER
SYM,,,165-BFF,,2007/11/14,100,165-BFF,CUSTOMER
SYM,,,165-QCE,,,50,165-QCE,CUSTOMER
SYM,gt,,166-GTB,,,125,166-GTB,CUSTOMER
SYM,,,182-DNS,,,100,182-DNS,CUSTOMER
SYM,,,182-GTF,,,125,182-GTF,CUSTOMER
SYM,JET,,185-ERG,,,125,185-ERG,CUSTOMER
SYM,RX110,,191-CWS,,,100,191-CWS,CUSTOMER
SYM,狼傳,,192-CNE,,,125,192-CNE,CUSTOMER
SYM,,,217-FAK,GL400E-1006508,2003/5/7,400,217-FAK,CUSTOMER
SYM,高手,,227-ERG,,,125,227-ERG,CUSTOMER
SYM,金發財,紅,228-JNS,,,125,228-JNS,CUSTOMER
SYM,,,231-BFY,,,125,231-BFY,CUSTOMER
SYM,戰將,,232-DDF,,,150,232-DDF,CUSTOMER
SYM,,,236-GSM,,,125,236-GSM,CUSTOMER
SYM,DIO,黑,260-QCQ,,,50,260-QCQ,CUSTOMER
SYM,gt,,288-JZH,,,125,288-JZH,CUSTOMER
SYM,風,,295-BLP,,,100,295-BLP,CUSTOMER
SYM,,,2FN-892,,,125,2FN-892,CUSTOMER
SYM,高手,,2GX-069,,,100,2GX-069,CUSTOMER
SYM,,,321-CNB,,,150,321-CNB,CUSTOMER
SYM,戰將,,327-CNK,,,125,327-CNK,CUSTOMER
SYM,,,337-EFD,,,125,337-EFD,CUSTOMER
SYM,,,350-BEA,,,125,350-BEA,CUSTOMER
SYM,風,,352-CHA,,,100,352-CHA,CUSTOMER
SYM,迪爵,,353-CWS,,,125,353-CWS,CUSTOMER
SYM,風,,359-DFN,,,100,359-DFN,CUSTOMER
SYM,,,361-DTU,DY000870,2008/12/11,125,361-DTU,CUSTOMER
SYM,,,372-DTQ,GU536636,2008/6/23,101,372-DTQ,CUSTOMER
SYM,GT,,373-CSJ,,,125,373-CSJ,CUSTOMER
SYM,,,378-GFY,,,125,378-GFY,CUSTOMER
SYM,迪爵,,385-BTZ,,,125,385-BTZ,CUSTOMER
SYM,迪迪,,385-QAC,,,50,385-QAC,CUSTOMER
SYM,RX110,,395-DRE,,,100,395-DRE,CUSTOMER
SYM,極速高手銀,,3HB-928,,,100,3HB-928,CUSTOMER
SYM,戰將,,507-DPS,,,150,507-DPS,CUSTOMER
SYM,,橘,510-ERH,,,125,510-ERH,CUSTOMER
SYM,,,516-KBG,,,125,516-KBG,CUSTOMER
SYM,GP,,519-DPZ,KC766336,2008/8/28,125,519-DPZ,CUSTOMER
SYM,,,519-KBG,,,125,519-KBG,CUSTOMER
SYM,,,522-GAK,,,150,522-GAK,CUSTOMER
SYM,gt,,523-ECN,,,125,523-ECN,CUSTOMER
SYM,風,,526-CLH,,,100,526-CLH,CUSTOMER
SYM,,,540-DDH,,,50,540-DDH,CUSTOMER
SYM,RV180,黑,558-ERD,MV000073,2009/10/15,180,558-ERD,CUSTOMER
SYM,風,,570-DDH,,,100,570-DDH,CUSTOMER
SYM,高手 125,,579-DDF,,,125,579-DDF,CUSTOMER
SYM,,,579-HYM,,,125,579-HYM,CUSTOMER
SYM,GY6,,580-CLG,,,125,580-CLG,CUSTOMER
SYM,MIO,,590-CGZ,KK824132,2004/7/20,101,590-CGZ,CUSTOMER
SYM,風,,598-BMY,,,100,598-BMY,CUSTOMER
SYM,風,,5GU-879,,,100,5GU-879,CUSTOMER
SYM,,,5GX-137,KK913639,2007/6/8,101,5GX-137,CUSTOMER
SYM,rx110,,5GX-352,,,100,5GX-352,CUSTOMER
SYM,戰將,,5GX-852,,,125,5GX-852,CUSTOMER
SYM,,,5GY-311,,,125,5GY-311,CUSTOMER
SYM,MIO,白,5GZ-111,KK898687,2007/3/27,101,5GZ-111,CUSTOMER
SYM,,,5HS-383,,,125,5HS-383,CUSTOMER
SYM,,,5HV-833,,,125,5HV-833,CUSTOMER
SYM,,,605-HUB,,,125,605-HUB,CUSTOMER
SYM,MANY,,609-EWR,,,100,609-EWR,CUSTOMER
SYM,,,623-HMK,,,125,623-HMK,CUSTOMER
SYM,狼傳,,631-BLN,,,150,631-BLN,CUSTOMER
SYM,,,637-GAP,,,125,637-GAP,CUSTOMER
SYM,,,638-GAP,,,125,638-GAP,CUSTOMER
SYM,戰將,,652-CGW,,,150,652-CGW,CUSTOMER
SYM,GT,,653-DTU,,,125,653-DTU,CUSTOMER
SYM,,,661-KNP,,,125,661-KNP,CUSTOMER
SYM,,,668-GTF,FD216852,2009/11/2,125,668-GTF,CUSTOMER
SYM,RV150,黑,669-ECW,KV018286,2009/3/13,149,669-ECW,CUSTOMER
SYM,哇哇,,671-DTU,,,100,671-DTU,CUSTOMER
SYM,gt,,678-HDL,,,125,678-HDL,CUSTOMER
SYM,,,680-BHC,,,100,680-BHC,CUSTOMER
SYM,,,687-QBA,,,100,687-QBA,CUSTOMER
SYM,野狼,,689-BBR,,,125,689-BBR,CUSTOMER
SYM,GT,,691-CRN,,,125,691-CRN,CUSTOMER
SYM,迪爵,,6BN-092,,,125,6BN-092,CUSTOMER
SYM,高手,,6HE-380,,,125,6HE-380,CUSTOMER
SYM,狼傳,,710-BEK,RB110728,2006/1/20,124,710-BEK,CUSTOMER
SYM,戰將,,711-DDV,,,125,711-DDV,CUSTOMER
SYM,,,715-BLF,,,0,715-BLF,CUSTOMER
SYM,戰將,,715-BMV,,,125,715-BMV,CUSTOMER
SYM,GT,,715-DNG,,,125,715-DNG,CUSTOMER
SYM,恰恰,,718-QAC,,,50,718-QAC,CUSTOMER
SYM,,,720-EMM,,,100,720-EMM,CUSTOMER
SYM,,,722-HSM,,,150,722-HSM,CUSTOMER
SYM,迪爵,,736-EQN,,,125,736-EQN,CUSTOMER
SYM,,,737-HZR,,,150,737-HZR,CUSTOMER
SYM,旺旺,,739-CMQ,,,100,739-CMQ,CUSTOMER
SYM,發財,,756-CWE,,,150,756-CWE,CUSTOMER
SYM,,,768-BLM,DN037618,2007/9/20,150,768-BLM,CUSTOMER
SYM,高手,,768-DDD,,,125,768-DDD,CUSTOMER
SYM,GR,,771-EMQ,,,125,771-EMQ,CUSTOMER
SYM,戰將,,775-BPZ,,,125,775-BPZ,CUSTOMER
SYM,風,,785-DFS,,,100,785-DFS,CUSTOMER
SYM,,,785-JMQ,,,100,785-JMQ,CUSTOMER
SYM,,,792-HPR,,,150,792-HPR,CUSTOMER
SYM,,,7FD-357,DN012507,2006/10/26,150,7FD-357,CUSTOMER
SYM,,,7GC-939,,,50,7GC-939,CUSTOMER
SYM,G5,,806-DFB,,,110,806-DFB,CUSTOMER
SYM,風雲,,811-CWL,,,125,811-CWL,CUSTOMER
SYM,,,817-HLJ,,,100,817-HLJ,CUSTOMER
SYM,戰將,,818-DFR,,,150,818-DFR,CUSTOMER
SYM,風,,823-BFD,,,100,823-BFD,CUSTOMER
SYM,,,827-DTS,,,125,827-DTS,CUSTOMER
SYM,,,833-HLY,,,125,833-HLY,CUSTOMER
SYM,高手,,851-CKP,,,125,851-CKP,CUSTOMER
SYM,RX110,,857-BNT,,,110,857-BNT,CUSTOMER
SYM,高手,,865-EQQ,,,125,865-EQQ,CUSTOMER
SYM,,,866-QAV,,,100,866-QAV,CUSTOMER
SYM,,,869-HLG,,,125,869-HLG,CUSTOMER
SYM,,,869-QAF,,,100,869-QAF,CUSTOMER
SYM,,,879-EJU,,,125,879-EJU,CUSTOMER
SYM,,,880-GSZ,,,100,880-GSZ,CUSTOMER
SYM,,,883-HLY,,,125,883-HLY,CUSTOMER
SYM,,,891-DTT,DY001869,2008/11/11,125,891-DTT,CUSTOMER
SYM,,,8HT-106,,,125,8HT-106,CUSTOMER
SYM,RX-110,白,902-BWC,,,110,902-BWC,CUSTOMER
SYM,,,902-CMG,,,150,902-CMG,CUSTOMER
SYM,R1z,,905-BYB,KJ024421,2007/11/5,150,905-BYB,CUSTOMER
SYM,高手,,906-DEL,,,125,906-DEL,CUSTOMER
SYM,,,916-BHD,,,100,916-BHD,CUSTOMER
SYM,MIO,,916-HLF,,,50,916-HLF,CUSTOMER
SYM,風,,920-BTU,,,100,920-BTU,CUSTOMER
SYM,RX110,,920-EMP,,,100,920-EMP,CUSTOMER
SYM,,,938-JCP,,,150,938-JCP,CUSTOMER
SYM,風100,,966-GSL,,,100,966-GSL,CUSTOMER
SYM,金旺,綠,971-ERE,,,100,971-ERE,CUSTOMER
SYM,,,985-DGP,,,100,985-DGP,CUSTOMER
SYM,GT,,993-KDB,,,125,993-KDB,CUSTOMER
SYM,,,998-HPT,,,125,998-HPT,CUSTOMER
SYM,,,999-EHE,,,150,999-EHE,CUSTOMER
SYM,,,9HL-255,,,150,9HL-255,CUSTOMER
SYM,,,9HW-617,,,125,9HW-617,CUSTOMER
SYM,狼傳,,9HX-658,,,125,9HX-658,CUSTOMER
SYM,戰將150白,,A2C-263,,,150,A2C-263,CUSTOMER
SYM,高手,,A2F-239,,,125,A2F-239,CUSTOMER
SYM,迪爵,,A2G-970,,,0,A2G-970,CUSTOMER
SYM,,,A3G-872,,,125,A3G-872,CUSTOMER
SYM,戰將,,A3U-589,,,150,A3U-589,CUSTOMER
SYM,風,,A3V-568,,,100,A3V-568,CUSTOMER
SYM,風,,A5B-700,,,100,A5B-700,CUSTOMER
SYM,金旺,藍,AAA-120,,1992/1/3,90,AAA-120,CUSTOMER
SYM,哇哇,,AAA-7252,,,100,AAA-7252,CUSTOMER
SYM,迪爵,,AAU-332,,,125,AAU-332,CUSTOMER
SYM,風雲,,AC6-938,,,125,AC6-938,CUSTOMER
SYM,rv150,,AD6-600,,,150,AD6-600,CUSTOMER
SYM,gy6,,ADE-112,,,125,ADE-112,CUSTOMER
SYM,野狼,,ADO-257,,,125,ADO-257,CUSTOMER
SYM,F1,,AG7-308,,,125,AG7-308,CUSTOMER
SYM,,,AH3-465,,,125,AH3-465,CUSTOMER
SYM,野,,AHW-940,,,125,AHW-940,CUSTOMER
SYM,迪爵,,AIP-815,,,125,AIP-815,CUSTOMER
SYM,,,AK6-279,,,125,AK6-279,CUSTOMER
SYM,迪爵,,ALH-837,,,125,ALH-837,CUSTOMER
SYM,迪爵,,ALL-865,FG-342741,1994/6/14,125,ALL-865,CUSTOMER
SYM,野狼,,ALO-406,,,125,ALO-406,CUSTOMER
SYM,野狼,,ALV-918,EH238516,1994/7/25,124,ALV-918,CUSTOMER
SYM,,,AMA-655,,,125,AMA-655,CUSTOMER
SYM,DJ,,AME-805,,,125,AME-805,CUSTOMER
SYM,野狼,,ANN-992,,,125,ANN-992,CUSTOMER
SYM,,,ANO-940,FG390943,1994/10/6,125,ANO-940,CUSTOMER
SYM,迪爵,,ANY-998,,,125,ANY-998,CUSTOMER
SYM,哈士奇,,AON-336,,,150,AON-336,CUSTOMER
SYM,阿帝拉,,AOT-421,,,125,AOT-421,CUSTOMER
SYM,阿帝拉,,AOT-427,,,125,AOT-427,CUSTOMER
SYM,,,AP3-130,,,100,AP3-130,CUSTOMER
SYM,迪爵,,APF-356,,,125,APF-356,CUSTOMER
SYM,,,APL-541,,,125,APL-541,CUSTOMER
SYM,,,AQR-202,,,125,AQR-202,CUSTOMER
SYM,,,AQR-357,,,125,AQR-357,CUSTOMER
SYM,,,ASC-855,,,125,ASC-855,CUSTOMER
SYM,三冠王,,ASM-120,,,125,ASM-120,CUSTOMER
SYM,阿帝拉,,ATA-343,,,125,ATA-343,CUSTOMER
SYM,阿帝拉,,ATC-803,,,125,ATC-803,CUSTOMER
SYM,,,ATD-299,HG055850,1996/8/12,124,ATD-299,CUSTOMER
SYM,巡弋125油,,ATU-109,,,125,ATU-109,CUSTOMER
SYM,,,ATU-297,,,150,ATU-297,CUSTOMER
SYM,迪爵,,ATX-132,,,125,ATX-132,CUSTOMER
SYM,gy6,,AUA-249,,,125,AUA-249,CUSTOMER
SYM,,,AUA-435,,,125,AUA-435,CUSTOMER
SYM,飛舞,,AUC-846,,,100,AUC-846,CUSTOMER
SYM,阿帝拉,,AUI-900,,,125,AUI-900,CUSTOMER
SYM,,,AVM-532,HN071460,1997/3/25,124,AVM-532,CUSTOMER
SYM,迪爵,,AVY-998,,,125,AVY-998,CUSTOMER
SYM,迪爵,,AWB-470,,,125,AWB-470,CUSTOMER
SYM,阿帝拉,,AWB-932,,,125,AWB-932,CUSTOMER
SYM,金旺,,AWD-071,,,90,AWD-071,CUSTOMER
SYM,,,AWW-742,,,125,AWW-742,CUSTOMER
SYM,迪爵,,AWY-089,,,125,AWY-089,CUSTOMER
SYM,阿帝拉,,AXB-999,,,125,AXB-999,CUSTOMER
SYM,迪爵,,AXF-685,,,125,AXF-685,CUSTOMER
SYM,,,AXG-596,RR021525,1998/8/5,124,AXG-596,CUSTOMER
SYM,金旺,,AXO-763,,,90,AXO-763,CUSTOMER
SYM,,,AXP-478,,,125,AXP-478,CUSTOMER
SYM,,,AXU-706,,,125,AXU-706,CUSTOMER
SYM,金旺100,,AXU-763,,,100,AXU-763,CUSTOMER
SYM,,,AXV-199,,,125,AXV-199,CUSTOMER
SYM,Party,,AYX-665,,,100,AYX-665,CUSTOMER
SYM,,,AZJ-881,,,90,AZJ-881,CUSTOMER
SYM,,,AZR-401,,,125,AZR-401,CUSTOMER
SYM,悍將,,BAL-050,,,125,BAL-050,CUSTOMER
SYM,,,BAQ-629,BB009731,1999/6/22,82,BAQ-629,CUSTOMER
SYM,悍將,,BAU-731,,,125,BAU-731,CUSTOMER
SYM,,,BBB-863,,,125,BBB-863,CUSTOMER
SYM,悍將,,BBC-269,,,125,BBC-269,CUSTOMER
SYM,4V125,,BBC-485,,,125,BBC-485,CUSTOMER
SYM,,,BBG-400,RP034364,1999/8/28,124,BBG-400,CUSTOMER
SYM,,,BBI-408,KK040955,1999/3/10,100,BBI-408,CUSTOMER
SYM,野狼,,BBI-733,,,125,BBI-733,CUSTOMER
SYM,,,BBO-475,,,125,BBO-475,CUSTOMER
SYM,阿帝拉,,BBO-811,,,125,BBO-811,CUSTOMER
SYM,,,BCN-165,,,124,BCN-165,CUSTOMER
SYM,,,BCQ-190,,,125,BCQ-190,CUSTOMER
SYM,,,BCR-167,,,125,BCR-167,CUSTOMER
SYM,,,BCZ-631,HN008544,2000/4/5,124,BCZ-631,CUSTOMER
SYM,野狼,,BDH-196,,,125,BDH-196,CUSTOMER
SYM,悍將,,BDK-420,,,125,BDK-420,CUSTOMER
SYM,,,BEA-769,KN043847,2000/8/10,124,BEA-769,CUSTOMER
SYM,野狼傳奇,,BEE-516,,,125,BEE-516,CUSTOMER
SYM,阿帝拉125,黑,BEM-699,KN053026,2000/10/9,125,BEM-699,CUSTOMER
SYM,,,BES-105,KN054249,2000/10/25,124,BES-105,CUSTOMER
SYM,迪爵125,,BES-627,RG132402,2000/10/30,125,BES-627,CUSTOMER
SYM,得意,,BFC-307,,,100,BFC-307,CUSTOMER
SYM,,,BFD-461,,,125,BFD-461,CUSTOMER
SYM,野狼,,BFM-353,,,125,BFM-353,CUSTOMER
SYM,,,BFO-058,,,100,BFO-058,CUSTOMER
SYM,高,,BFR-382,,,125,BFR-382,CUSTOMER
SYM,高手,,BFT-835,,,125,BFT-835,CUSTOMER
SYM,野狼,,BFX-599,,,125,BFX-599,CUSTOMER
SYM,高手,,BGE-910,,,125,BGE-910,CUSTOMER
SYM,,,BGI-733,RB039495,2001/7/25,124,BGI-733,CUSTOMER
SYM,高手100,,BGL-317,,,100,BGL-317,CUSTOMER
SYM,rv,,BGR-872,KV000607,2001/9/13,149,BGR-872,CUSTOMER
SYM,,,BGS-676,,,100,BGS-676,CUSTOMER
SYM,,,BH8-378,,,100,BH8-378,CUSTOMER
SYM,風雲,,BHB-080,,,125,BHB-080,CUSTOMER
SYM,,,BHR-552,,,125,BHR-552,CUSTOMER
SYM,迪爵,,BHS-337,,,125,BHS-337,CUSTOMER
SYM,悍將,,BHU-220,,2002/3/27,125,BHU-220,CUSTOMER
SYM,rv150,,BIB-530,,,150,BIB-530,CUSTOMER
SYM,,,BIZ-923,,,125,BIZ-923,CUSTOMER
SYM,大眼悍將EF,銀,BJJ-290,,,150,BJJ-290,CUSTOMER
SYM,,,BJM-025,,,125,BJM-025,CUSTOMER
SYM,,,BJN-113,,,100,BJN-113,CUSTOMER
SYM,,深綠,BJQ-737,FG-024548,1992/1/11,124,BJQ-737,CUSTOMER
SYM,,,BKW-680,,,100,BKW-680,CUSTOMER
SYM,悍將,,BLB-521,,,125,BLB-521,CUSTOMER
SYM,高手100,,BLE-095,,,100,BLE-095,CUSTOMER
SYM,悍將,,BLE-119,,,125,BLE-119,CUSTOMER
SYM,,,BLG-875,,,125,BLG-875,CUSTOMER
SYM,,,BLR-857,,,125,BLR-857,CUSTOMER
SYM,迪爵,,BLV-529,,,125,BLV-529,CUSTOMER
SYM,高手,,BLW-011,,,125,BLW-011,CUSTOMER
SYM,,,BLZ-871,,,150,BLZ-871,CUSTOMER
SYM,悍將,,BMO-910,,,125,BMO-910,CUSTOMER
SYM,,,BND-566,,,150,BND-566,CUSTOMER
SYM,高手,,BNT-630,,,125,BNT-630,CUSTOMER
SYM,迪爵,,BNU-377,,,125,BNU-377,CUSTOMER
SYM,gy6,,BNW-206,,,125,BNW-206,CUSTOMER
SYM,,,BPE-275,,,125,BPE-275,CUSTOMER
SYM,悍將,,BPG-673,,,125,BPG-673,CUSTOMER
SYM,悍將,,BPJ-137,,,125,BPJ-137,CUSTOMER
SYM,悍將F1-125,,BPW-835,,,125,BPW-835,CUSTOMER
SYM,RV180,,BPX-903,,,180,BPX-903,CUSTOMER
SYM,悍將,,BPY-018,,,125,BPY-018,CUSTOMER
SYM,,,BQ9-568,,,125,BQ9-568,CUSTOMER
SYM,得意,,BQK-267,,,100,BQK-267,CUSTOMER
SYM,高手,,BQP-639,,,125,BQP-639,CUSTOMER
SYM,RV150,,BQX-923,,,150,BQX-923,CUSTOMER
SYM,,,BV9-626,RB084306,2004/8/31,125,BV9-626,CUSTOMER
SYM,,,BW6-791,,,100,BW6-791,CUSTOMER
SYM,悍將,,BWY-791,KN027207,1999/10/2,125,BWY-791,CUSTOMER
SYM,風雲,,BXY-090,,,125,BXY-090,CUSTOMER
SYM,,,BYF-503,,,125,BYF-503,CUSTOMER
SYM,,,CBF-483,FG101031,1992/8/3,124,CBF-483,CUSTOMER
SYM,,,CDH-467,,,125,CDH-467,CUSTOMER
SYM,,,CDI-150,,,125,CDI-150,CUSTOMER
SYM,,,CEQ-612,,,125,CEQ-612,CUSTOMER
SYM,,,CFE-063,,,125,CFE-063,CUSTOMER
SYM,阿帝拉,,CGJ-171,,,125,CGJ-171,CUSTOMER
SYM,野狼,,CGW-480,,,125,CGW-480,CUSTOMER
SYM,,,CHD-651,HG086495,1997/4/1,125,CHD-651,CUSTOMER
SYM,,,CHT-740,,,125,CHT-740,CUSTOMER
SYM,迪爵,,CHU-150,,,125,CHU-150,CUSTOMER
SYM,DIO,,CIF-535,BB009046,1998/12/23,90,CIF-535,CUSTOMER
SYM,,,CJS-559,,,125,CJS-559,CUSTOMER
SYM,,,CJV-797,,,125,CJV-797,CUSTOMER
SYM,rv150,,CJX-293,,,150,CJX-293,CUSTOMER
SYM,高手,銀,CJX-625,HC206623,2001/9/24,125,CJX-625,CUSTOMER
SYM,高手,,CKC-569,,,100,CKC-569,CUSTOMER
SYM,,,CLK-109,,,100,CLK-109,CUSTOMER
SYM,F1 125,,CLR-030,KN,,125,CLR-030,CUSTOMER
SYM,,,CLS-762,,,125,CLS-762,CUSTOMER
SYM,野狼,,CLY-136,,,125,CLY-136,CUSTOMER
SYM,風雲-125,,CMA-037,,,125,CMA-037,CUSTOMER
SYM,風雲,,CMG-059,,,125,CMG-059,CUSTOMER
SYM,野狼,,CMM-165,,,125,CMM-165,CUSTOMER
SYM,R1,,CMR-206,,,125,CMR-206,CUSTOMER
SYM,野狼,,CMT-305,,,125,CMT-305,CUSTOMER
SYM,,,CNJ-525,,,100,CNJ-525,CUSTOMER
SYM,,,CNP-792,,,100,CNP-792,CUSTOMER
SYM,高手,,CNR-702,,,125,CNR-702,CUSTOMER
SYM,MIO,,CNV-892,,,100,CNV-892,CUSTOMER
SYM,,,CNW-865,,,125,CNW-865,CUSTOMER
SYM,,,CNZ-558,,,125,CNZ-558,CUSTOMER
SYM,,,CPR-305,,,125,CPR-305,CUSTOMER
SYM,,,CPY-193,,,125,CPY-193,CUSTOMER
SYM,R1,,CQU-256,,,125,CQU-256,CUSTOMER
SYM,野狼,,CQW-668,,,125,CQW-668,CUSTOMER
SYM,rv150,,CRK-690,,,150,CRK-690,CUSTOMER
SYM,迪爵,,CRK-880,,,125,CRK-880,CUSTOMER
SYM,狼傳,,CRN-989,,,125,CRN-989,CUSTOMER
SYM,RV150,,CRQ-571,KV012075,2005/2/18,150,CRQ-571,CUSTOMER
SYM,,,CRW-557,,,100,CRW-557,CUSTOMER
SYM,,,CRX-775,,,125,CRX-775,CUSTOMER
SYM,悍將,,CRZ-326,,,125,CRZ-326,CUSTOMER
SYM,悍將,,CRZ-726,,,125,CRZ-726,CUSTOMER
SYM,,,CSL-790,,,125,CSL-790,CUSTOMER
SYM,悍將,,CSM-518,KN261994,2004/10/2,125,CSM-518,CUSTOMER
SYM,,,CSQ-706,,,125,CSQ-706,CUSTOMER
SYM,R1Z,,CTY-067,,,125,CTY-067,CUSTOMER
SYM,R1,,CU5-515,,,125,CU5-515,CUSTOMER
SYM,RV250,,CVG-635,,,250,CVG-635,CUSTOMER
SYM,F1,,CVN-550,,,125,CVN-550,CUSTOMER
SYM,高手,,CVP-129,,,125,CVP-129,CUSTOMER
SYM,高手,銀,CVP-133,,,125,CVP-133,CUSTOMER
SYM,悍將,,CVU-806,,,125,CVU-806,CUSTOMER
SYM,RV250,,CVV-588,,,250,CVV-588,CUSTOMER
SYM,高手,,CVY-738,,,100,CVY-738,CUSTOMER
SYM,風100,,CWE-318,,,100,CWE-318,CUSTOMER
SYM,r1,,CWN-505,,,125,CWN-505,CUSTOMER
SYM,,,CWU-392,,,100,CWU-392,CUSTOMER
SYM,高手,,CXB-377,,,125,CXB-377,CUSTOMER
SYM,迪爵,,CXC-211,,,125,CXC-211,CUSTOMER
SYM,,,CXN-661,,,125,CXN-661,CUSTOMER
SYM,,,CXX-308,,,125,CXX-308,CUSTOMER
SYM,RV150,,CXY-121,,,125,CXY-121,CUSTOMER
SYM,101,,CY7-865,KK315575,2005/5/30,100,CY7-865,CUSTOMER
SYM,,,CYF-509,,,125,CYF-509,CUSTOMER
SYM,,,CYH-335,,,150,CYH-335,CUSTOMER
SYM,高手100,,CYH-803,,,100,CYH-803,CUSTOMER
SYM,,,CYT-557,,,125,CYT-557,CUSTOMER
SYM,,,CYX-056,,,125,CYX-056,CUSTOMER
SYM,狼傳,,CZ6-333,,,125,CZ6-333,CUSTOMER
SYM,MIO50,,D65-QCE,,,100,D65-QCE,CUSTOMER
SYM,,,DAC-647,,,50,DAC-647,CUSTOMER
SYM,,,DAY-560,ET128201,1991/10/29,50,DAY-560,CUSTOMER
SYM,,,DEE-425,EA125267,1992/6/23,50,DEE-425,CUSTOMER
SYM,,,DFX-905,ET342747,1993/10/9,49,DFX-905,CUSTOMER
SYM,DIO,,DIN-043,,,50,DIN-043,CUSTOMER
SYM,,,DIQ-052,,,50,DIQ-052,CUSTOMER
SYM,,,DJG-475,,,50,DJG-475,CUSTOMER
SYM,DIO,,DJM-737,,,50,DJM-737,CUSTOMER
SYM,,,DJN-535,,,50,DJN-535,CUSTOMER
SYM,,,DKC-458,,,50,DKC-458,CUSTOMER
SYM,,,DLI-668,,,50,DLI-668,CUSTOMER
SYM,,,DMA-081,,,50,DMA-081,CUSTOMER
SYM,,,DMR-173,,,50,DMR-173,CUSTOMER
SYM,風動,,DMU-557,,,100,DMU-557,CUSTOMER
SYM,恰恰,,DOE-079,,,50,DOE-079,CUSTOMER
SYM,恰恰,,DOI-218,,,50,DOI-218,CUSTOMER
SYM,DIO,,DOK-330,,,50,DOK-330,CUSTOMER
SYM,DIO50,,DPR-773,,,50,DPR-773,CUSTOMER
SYM,CHA CHA,,DQI-389,,,50,DQI-389,CUSTOMER
SYM,DIO,,DQT-123,,,50,DQT-123,CUSTOMER
SYM,,,DRD-888,,,50,DRD-888,CUSTOMER
SYM,DIO,,DRM-426,,,50,DRM-426,CUSTOMER
YAMAHA,XC100G,淺藍,002-BLN,5WC-303510,2007/9/19,100,002-BLN,CUSTOMER
YAMAHA,,,006-HXY,,,125,006-HXY,CUSTOMER
YAMAHA,XC100N,黑,011-BTP,E390E-190070,2007/12/4,100,011-BTP,CUSTOMER
YAMAHA,BXC125VA,藍白,020-EQU,E3E5E-250826,2009/8/28,125,020-EQU,CUSTOMER
YAMAHA,XC100NC,淺紫,021-DDA,E390E-365651,2008/3/6,100,021-DDA,CUSTOMER
YAMAHA,新CUXI五期,深藍,025-HSH,E3E4E-470631,2011/3/7,100,025-HSH,CUSTOMER
YAMAHA,XC125ER,淺藍,026-BCM,E368E-253759,2007/5/1,125,026-BCM,CUSTOMER
YAMAHA,XC115S,深棕,036-GHK,E3E6E-001239,2009/8/24,115,036-GHK,CUSTOMER
YAMAHA,XC100F,銀色,039-BER,5SK-627082,2007/9/21,100,039-BER,CUSTOMER
YAMAHA,NXC125M,深紅金,055-HQN,E3B8E-479193,2011/3/28,125,055-HQN,CUSTOMER
YAMAHA,BXC125D,黑,057-BEU,E373E-203077,2007/10/26,125,057-BEU,CUSTOMER
YAMAHA,BXC125D,白,059-BEU,E373E-205011,2007/12/5,125,059-BEU,CUSTOMER
YAMAHA,XC100NC,黑,063-GQJ,E390E-482455,2009/6/10,100,063-GQJ,CUSTOMER
YAMAHA,NXC125K,黑,067-BGX,E394E-214087,2007/12/11,125,067-BGX,CUSTOMER
YAMAHA,NXC125K,白,072-CNG,,,125,072-CNG,CUSTOMER
YAMAHA,XC100VE,白深灰,072-GBH,E3B9E-353115,2010/5/20,100,072-GBH,CUSTOMER
YAMAHA,XC125HR,銀,075-GAB,E3E3E-206589,2010/6/4,125,075-GAB,CUSTOMER
YAMAHA,XC100M-,黑,077-KRL,E3E4E-595662,2012/4/24,100,077-KRL,CUSTOMER
YAMAHA,XC100NE,深紫,078-HPL,E3E4E-432239,2010/9/29,100,078-HPL,CUSTOMER
YAMAHA,XC100M,紅,085-KYR,E3E4E-579668,2011/12/26,100,085-KYR,CUSTOMER
YAMAHA,,,087-HMJ,E3B8E-461937,2010/11/5,124,087-HMJ,CUSTOMER
YAMAHA,XC125DR,銀,088-BMU,E368E-205399,2007/8/16,125,088-BMU,CUSTOMER
YAMAHA,BWS,,090-BTW,,,100,090-BTW,CUSTOMER
YAMAHA,NXC125K,銀,093-GCE,E394E-247849,2009/7/6,125,093-GCE,CUSTOMER
YAMAHA,nxc,,093-GEC,,,125,093-GEC,CUSTOMER
YAMAHA,XC100NE,黑,095-EZK,E3E4E-121505,2009/11/9,100,095-EZK,CUSTOMER
YAMAHA,NXC125K-,白,100-BBS,E394E-122288,2007/5/1,125,100-BBS,CUSTOMER
YAMAHA,NXC125LA,白,109-EZJ,E3B8E-334703,2009/10/13,125,109-EZJ,CUSTOMER
YAMAHA,RS100,,111-EDE,,,100,111-EDE,CUSTOMER
YAMAHA,,,111-QBJ,5ST-566550,2005/7/18,50,111-QBJ,CUSTOMER
YAMAHA,XC50CE,淺黃,113-QAB,5ST-565902,2007/3/15,50,113-QAB,CUSTOMER
YAMAHA,XC125DR,淺紫,115-BGJ,E368E-202942,2007/8/17,125,115-BGJ,CUSTOMER
YAMAHA,SUPER FOUR,,121-ECM,,,100,121-ECM,CUSTOMER
YAMAHA,XC100NA,白,127-BMW,E390E-211420,2007/8/22,100,127-BMW,CUSTOMER
YAMAHA,gtr,,130-EAH,,,125,130-EAH,CUSTOMER
YAMAHA,NXC125K,黑,132-CUQ,E394E-219423,2008/4/23,125,132-CUQ,CUSTOMER
YAMAHA,XC100M,白,139-JYX,E3E4E-476497,2011/4/12,100,139-JYX,CUSTOMER
YAMAHA,XC100L-,白深灰,139-KRB,E3B9E-427392,2012/2/23,100,139-KRB,CUSTOMER
YAMAHA,XC100N,紅,150-CHK,E390E-191627,2007/12/21,100,150-CHK,CUSTOMER
YAMAHA,RSZ,,150-CXJ,,,100,150-CXJ,CUSTOMER
YAMAHA,BXC125D,銀,151-CUT,E373E-211723,2008/5/22,125,151-CUT,CUSTOMER
YAMAHA,XC50CE,白黑,158-QAU,5ST-568428,2007/2/27,50,158-QAU,CUSTOMER
YAMAHA,XC100NC,黑,162-BAX,E390E-360140,2008/1/11,100,162-BAX,CUSTOMER
YAMAHA,XC100N,黑,163-BAC,E390E-165073,2007/3/26,100,163-BAC,CUSTOMER
YAMAHA,XC100NE,黑色,170-ERX,E3E4E-329766,2010/3/3,100,170-ERX,CUSTOMER
YAMAHA,NXC125M,黑金,170-KDH,E3B8E-482150,2011/5/30,125,170-KDH,CUSTOMER
YAMAHA,NXC125M,銀金,172-HPE,E3B8E-442290,2010/8/13,125,172-HPE,CUSTOMER
YAMAHA,VINO50,,173-QCF,,,50,173-QCF,CUSTOMER
YAMAHA,BXC125D,銀,185-BVE,E373E-200318,2007/7/17,125,185-BVE,CUSTOMER
YAMAHA,NXC125N,深紅銀,185-KTU,E3B8E-579302,2012/8/10,125,185-KTU,CUSTOMER
YAMAHA,XC100NC,白,188-DEW,E390E-415345,2008/9/23,100,188-DEW,CUSTOMER
YAMAHA,XC100NC,白,188-DFW,E390E-394032,2008/7/7,100,188-DFW,CUSTOMER
YAMAHA,YW125X,白,193-HLR,E3B2E-402402,2010/6/10,125,193-HLR,CUSTOMER
YAMAHA,BXC125V,白色,195-HZJ,E3E5E-264543,2011/1/4,125,195-HZJ,CUSTOMER
YAMAHA,新勁戰,,205-BEZ,,,125,205-BEZ,CUSTOMER
YAMAHA,YW125XA,黑,210-HPX,E3B2E-452482,2010/12/15,125,210-HPX,CUSTOMER
YAMAHA,XC125FR,黑,213-BFT,E379E-155429,2008/1/17,125,213-BFT,CUSTOMER
YAMAHA,NXC125LA,白,217-DRH,E3B8E-233139,2008/7/8,125,217-DRH,CUSTOMER
YAMAHA,NXC125K,白色,221-CGH,E394E-211771,2007/12/20,125,221-CGH,CUSTOMER
YAMAHA,XC100NE,白,225-GCQ,E3E4E-108807,2009/8/14,100,225-GCQ,CUSTOMER
YAMAHA,XC100L,黑深灰,229-HQV,E3B9E-418965,2011/6/1,100,229-HQV,CUSTOMER
YAMAHA,NXC125LA,深藍銀,232-EDF,E3B8E-252448,2009/4/16,125,232-EDF,CUSTOMER
YAMAHA,BXC125D,銀,232-EQD,E373E-224593,2009/5/14,125,232-EQD,CUSTOMER
YAMAHA,NXC125M,黑金,235-HPY,E3B8E-472628,2010/12/29,125,235-HPY,CUSTOMER
YAMAHA,BXC125VD,深灰,237-KDE,E3E5E-361069,2011/5/4,125,237-KDE,CUSTOMER
YAMAHA,,,250-BKK,,,125,250-BKK,CUSTOMER
YAMAHA,CE50A,淺紫,251-QAE,A310E-161493,2007/7/30,50,251-QAE,CUSTOMER
YAMAHA,XC100NC*,白,255-DLF,E390E-414017,2008/10/21,100,255-DLF,CUSTOMER
YAMAHA,XC100NE,白色,258-GDA,E3E4E-310273,2009/10/20,100,258-GDA,CUSTOMER
YAMAHA,新勁戰,,259-BEA,,,125,259-BEA,CUSTOMER
YAMAHA,XC100GA,淺藍,262-CUY,5WC-407417,2008/5/22,100,262-CUY,CUSTOMER
YAMAHA,XC100G,黑,263-BER,5WC-316496,2007/9/26,100,263-BER,CUSTOMER
YAMAHA,NXC125LA,黃銀,266-CYN,E3B8E-250642,2009/5/7,125,266-CYN,CUSTOMER
YAMAHA,NXC125K-,白,272-BBV,E394E-125535,2007/5/15,125,272-BBV,CUSTOMER
YAMAHA,XC100NE,藍色,272-HEE,E3E4E-319293,2010/4/29,100,272-HEE,CUSTOMER
YAMAHA,XC100L-,紅灰,272-KQD,E3B9E-427777,2011/10/21,100,272-KQD,CUSTOMER
YAMAHA,XC125ER,黑,282-BMN,E368E-256243,2007/8/1,125,282-BMN,CUSTOMER
YAMAHA,NXC125LA,黑,288-GHS,E3B8E-333549,2009/10/26,125,288-GHS,CUSTOMER
YAMAHA,NXC125K,紅,289-BME,E394E-202208,2007/7/23,125,289-BME,CUSTOMER
YAMAHA,NXC125K,藍,295-BEA,E394E-200733,2007/7/31,125,295-BEA,CUSTOMER
YAMAHA,NXC125M,白黑,297-HTK,E3B8E-494389,2011/9/1,125,297-HTK,CUSTOMER
YAMAHA,NXC125M-,深紅金,298-ESQ,E3B8E-462912,2010/9/27,125,298-ESQ,CUSTOMER
YAMAHA,,,2GJ-951,,,100,2GJ-951,CUSTOMER
YAMAHA,BXC125FI,白,2GT-696,E383E-105060,2007/5/25,125,2GT-696,CUSTOMER
YAMAHA,勁戰125,藍白,2GX-291,E377E-339876,2006/9/11,125,2GX-291,CUSTOMER
YAMAHA,XC125CR,黑,2GX-735,E379E-122752,2006/10/11,125,2GX-735,CUSTOMER
YAMAHA,,,2HF-315,,,125,2HF-315,CUSTOMER
YAMAHA,,,2Z5-817,,,125,2Z5-817,CUSTOMER
YAMAHA,,,300-QAA,,,50,300-QAA,CUSTOMER
YAMAHA,,,307-BHF,E379E-151733,2007/10/31,124,307-BHF,CUSTOMER
YAMAHA,NXC125LA,黑銀,307-ERX,E3B8E-285820,2009/12/28,125,307-ERX,CUSTOMER
YAMAHA,XC100GA,黑,315-CWS,5WC-425209,2008/12/15,100,315-CWS,CUSTOMER
YAMAHA,,,315-GGZ,,,100,315-GGZ,CUSTOMER
YAMAHA,XC125FR,白,317-GRV,E379E-156595,2009/7/9,125,317-GRV,CUSTOMER
YAMAHA,XC125ER,銀,322-CHL,E368E-264685,2007/12/27,125,322-CHL,CUSTOMER
YAMAHA,XC125ER,銀,327-EGB,E368E-272125,2009/9/30,125,327-EGB,CUSTOMER
YAMAHA,XC125FR,黑,332-EGZ,E379E-165500,2009/7/14,125,332-EGZ,CUSTOMER
YAMAHA,XC100NE,深紫,335-HPL,E3E4E-431491,2010/9/24,100,335-HPL,CUSTOMER
YAMAHA,XC100L-,銀灰,335-KZC,E3B9E-423356,2011/12/12,100,335-KZC,CUSTOMER
YAMAHA,RS100,,337-DNG,,,100,337-DNG,CUSTOMER
YAMAHA,NXC125LA-,黑／銀,337-ERC,E3B8E-252129,2009/10/7,125,337-ERC,CUSTOMER
YAMAHA,XC100M-,藍,350-KYV,E3E4E-611300,2012/8/14,100,350-KYV,CUSTOMER
YAMAHA,XC50CA,白淺藍,352-QAB,5ST-601063,2007/5/31,50,352-QAB,CUSTOMER
YAMAHA,XC100M-,紅,355-KYV,E3E4E-594988,2012/5/17,100,355-KYV,CUSTOMER
YAMAHA,XC100NC,淺紫,357-DDF,E390E-371837,2008/3/25,100,357-DDF,CUSTOMER
YAMAHA,XC100NB,白,359-BAT,E390E-252711,2007/11/28,100,359-BAT,CUSTOMER
YAMAHA,XC125KR,黑深灰,362-HUT,E3E3E-474450,2012/6/29,125,362-HUT,CUSTOMER
YAMAHA,XC100M,深灰,363-HSF,E3E4E-479779,2011/2/23,100,363-HSF,CUSTOMER
YAMAHA,XC100M,白,363-JYY,E3E4E-480270,2011/5/24,100,363-JYY,CUSTOMER
YAMAHA,新競戰,,378-CEV,,,125,378-CEV,CUSTOMER
YAMAHA,NXC125K,白色,378-CVE,E394E-224495,2008/6/16,125,378-CVE,CUSTOMER
YAMAHA,XC125DR,銀,389-BMX,E368E-205736,2007/8/28,125,389-BMX,CUSTOMER
YAMAHA,XC100FA,黑,389-EGY,5SK-717338,2009/2/3,100,389-EGY,CUSTOMER
YAMAHA,,,389-JZM,,,125,389-JZM,CUSTOMER
YAMAHA,XC100NC,紅,395-CXX,E390E-464403,2008/11/26,100,395-CXX,CUSTOMER
YAMAHA,XC125JR,深灰,395-HLB,E3E3E-304360,2010/4/23,125,395-HLB,CUSTOMER
YAMAHA,,,397-DTQ,E373E-216950,,124,397-DTQ,CUSTOMER
YAMAHA,BXC125FI,銀,3FD-390,E383E-103790,2006/12/28,124,3FD-390,CUSTOMER
YAMAHA,BXC125FI,銀,3FV-866,E383E-103263,2007/5/17,125,3FV-866,CUSTOMER
YAMAHA,XC100G,銀,3JE-188,5WC-288925,2007/6/14,100,3JE-188,CUSTOMER
YAMAHA,YW125T,黃,502-GRU,E3B2E-104002,2009/4/27,125,502-GRU,CUSTOMER
YAMAHA,,,503-QAC,,,50,503-QAC,CUSTOMER
YAMAHA,,,505-HLA,,,125,505-HLA,CUSTOMER
YAMAHA,NXC125L,深灰銀色,508-CKU,E395E-213286,2008/4/7,125,508-CKU,CUSTOMER
YAMAHA,XC100M,紅,508-HTK,E3E4E-568792,2011/9/2,100,508-HTK,CUSTOMER
YAMAHA,XC100FA,黑,510-DBQ,5SK-716068,2008/12/25,100,510-DBQ,CUSTOMER
YAMAHA,XC115S-,白,512-HYC,E3E6E-023225,2011/3/11,100,512-HYC,CUSTOMER
YAMAHA,YW125T,白,517-CVP,E3B2E-104823,2008/7/30,125,517-CVP,CUSTOMER
YAMAHA,XC100V,黑,523-BCW,E390E-123133,2007/2/12,100,523-BCW,CUSTOMER
YAMAHA,BXC125N,灰深灰,523-HUC,E3E5E-441883,2012/2/8,125,523-HUC,CUSTOMER
YAMAHA,RS100,,523-PCW,,,100,523-PCW,CUSTOMER
YAMAHA,XC100F,銀色,526-BDZ,5SK-625851,2007/7/30,100,526-BDZ,CUSTOMER
YAMAHA,XC100NE,白色,533-GTW,E3E4E-321796,2010/3/1,100,533-GTW,CUSTOMER
YAMAHA,XC100G,粉紅,538-BEZ,5WC-316790,2007/10/22,100,538-BEZ,CUSTOMER
YAMAHA,XC100NC,黑,553-CYE,E390E-469432,2009/2/5,100,553-CYE,CUSTOMER
YAMAHA,XC100N,黑,560-BEY,E390E-180491,2007/10/15,100,560-BEY,CUSTOMER
YAMAHA,XC125JR,深灰,566-HLM,E3E3E-391211,2010/8/17,125,566-HLM,CUSTOMER
YAMAHA,CUXI-100,淺藍,575-CRH,E390E-421293,2008/1/31,100,575-CRH,CUSTOMER
YAMAHA,NXC125K-,黑,580-BGC,E394E-122465,2007/7/4,125,580-BGC,CUSTOMER
YAMAHA,NXC125M-,黑金,581-HTF,E3B8E-487402,2011/8/12,125,581-HTF,CUSTOMER
YAMAHA,NXC125LA,黑／銀,586-DTP,E3B8E-230988,2008/5/28,125,586-DTP,CUSTOMER
YAMAHA,XC115S,淺藍,588-GSZ,E3E6E-200767,2010/9/29,100,588-GSZ,CUSTOMER
YAMAHA,XC100FA,黑,592-CYA,5SK-715325,2009/7/14,100,592-CYA,CUSTOMER
YAMAHA,NXC125K,黑,593-BFV,E394E-210780,2008/1/2,125,593-BFV,CUSTOMER
YAMAHA,新勁戰,,598-BGH,,,125,598-BGH,CUSTOMER
YAMAHA,NXC125M,黑金,598-GBH,E3B8E-441607,2010/5/24,125,598-GBH,CUSTOMER
YAMAHA,NXC125K-,藍,5GA-115,E394E-113607,2007/2/12,125,5GA-115,CUSTOMER
YAMAHA,XC125ME,銀,5GY-069,4TE-482402,2007/1/5,125,5GY-069,CUSTOMER
YAMAHA,BXC125FI,白,5GY-206,E383E-104402,2007/1/22,125,5GY-206,CUSTOMER
YAMAHA,XC100G,黑,5HM-823,5WC-294579,2007/2/6,100,5HM-823,CUSTOMER
YAMAHA,BXC125,黑/銀,5HN-178,E373E-167522,2007/2/7,125,5HN-178,CUSTOMER
YAMAHA,SR400,,5HN-307,,,400,5HN-307,CUSTOMER
YAMAHA,XC100M,藍,600-KQC,E3E4E-572940,2011/10/14,100,600-KQC,CUSTOMER
YAMAHA,NXC125K,銀,606-DCH,E394E-225400,2008/6/24,125,606-DCH,CUSTOMER
YAMAHA,XC100N,藍,607-BEF,E390E-161236,2007/8/21,100,607-BEF,CUSTOMER
YAMAHA,XC125B,,607-BFE,,,125,607-BFE,CUSTOMER
YAMAHA,XC100N,黑,607-BFF,E390E-189232,2007/11/16,100,607-BFF,CUSTOMER
YAMAHA,NXC125K,藍,607-CWB,E394E-234645,2008/9/23,125,607-CWB,CUSTOMER
YAMAHA,yv50c,,607-QAC,,,50,607-QAC,CUSTOMER
YAMAHA,NXC125K,紅,615-CYE,E394E-245797,2009/2/6,125,615-CYE,CUSTOMER
YAMAHA,BXC125D,黑,617-EDE,E373E-225685,2009/4/8,125,617-EDE,CUSTOMER
YAMAHA,XC100NE,深紫,618-HYA,E3E4E-407298,2010/7/12,100,618-HYA,CUSTOMER
YAMAHA,XC100G,淺藍,619-CLH,5WC-325808,2008/2/14,100,619-CLH,CUSTOMER
YAMAHA,NXC125LA,黑,629-GCM,E3B8E-331233,2009/8/4,125,629-GCM,CUSTOMER
YAMAHA,BXC125VA,黑灰,630-EMQ,E3E5E-203610,2009/2/27,125,630-EMQ,CUSTOMER
YAMAHA,NXC125LA-,黑／銀,631-EQT,E3B8E-252720,2009/8/26,125,631-EQT,CUSTOMER
YAMAHA,BXC125E,深紅／深灰,638-BKR,E383E-160395,2007/9/14,125,638-BKR,CUSTOMER
YAMAHA,RS100,,639-HLA,,,100,639-HLA,CUSTOMER
YAMAHA,,,651-CLI,,,100,651-CLI,CUSTOMER
YAMAHA,XC100GA,粉紅,651-CVT,5WC-412803,2008/8/13,100,651-CVT,CUSTOMER
YAMAHA,XC125LR,銀,660-KZB,E3E3E-445631,2012/1/19,125,660-KZB,CUSTOMER
YAMAHA,XC100NC,白,663-CNJ,E390E-468042,2009/2/9,100,663-CNJ,CUSTOMER
YAMAHA,BXC125VD,黑,682-JAL,E3E5E-360828,2011/2/21,125,682-JAL,CUSTOMER
YAMAHA,YW125T,黑,687-CNS,E3B2E-101095,2009/3/12,125,687-CNS,CUSTOMER
YAMAHA,XC100NC,淺紫,691-CXH,E390E-401207,2008/8/18,100,691-CXH,CUSTOMER
YAMAHA,BXC125VA,白灰,697-EYA,E3E5E-204300,2009/8/10,125,697-EYA,CUSTOMER
YAMAHA,XC100F,紅,6GK-062,5SK-602015,2007/3/5,101,6GK-062,CUSTOMER
YAMAHA,,,6HB-350,E394E-115278,2007/3/23,125,6HB-350,CUSTOMER
YAMAHA,,,6HG-137,,,100,6HG-137,CUSTOMER
YAMAHA,NXC125K-,白,6HJ-156,E394E-115486,2007/4/12,125,6HJ-156,CUSTOMER
YAMAHA,NXC125K-,黑,6HQ-067,E394E-121938,2007/5/7,125,6HQ-067,CUSTOMER
YAMAHA,BXC125,銀黑,6HV-225,E373E-172618,2007/6/6,125,6HV-225,CUSTOMER
YAMAHA,YW125T,橙黃,702-DNG,E3B2E-103190,2008/4/15,125,702-DNG,CUSTOMER
YAMAHA,fzr,,702-DRZ,,,150,702-DRZ,CUSTOMER
YAMAHA,NXC125LA,白／銀,706-CWL,E3B8E-245863,2008/10/30,125,706-CWL,CUSTOMER
YAMAHA,,,716-HSE,,,100,716-HSE,CUSTOMER
YAMAHA,XC100NE,淺藍,718-EVA,E3E4E-309133,2010/2/25,100,718-EVA,CUSTOMER
YAMAHA,NXC125K,黑,722-BEP,E394E-208398,2007/9/19,125,722-BEP,CUSTOMER
YAMAHA,YW125T,白,725-CKV,E3B2E-103445,2008/4/21,125,725-CKV,CUSTOMER
YAMAHA,XC100F,白,727-BAB,5SK-620902,2007/3/19,100,727-BAB,CUSTOMER
YAMAHA,XC125DR,銀,733-CJD,E368E-206413,2007/12/17,125,733-CJD,CUSTOMER
YAMAHA,NXC125K,黑,736-EQE,E394E-240955,2009/5/27,125,736-EQE,CUSTOMER
YAMAHA,XC125ME,淺紫,738-DNG,4TE-497369,2008/4/17,125,738-DNG,CUSTOMER
YAMAHA,BXC125D,銀,750-EGR,E373E-223598,2008/11/26,125,750-EGR,CUSTOMER
YAMAHA,XC125DR,銀,752-BEH,E368E-202820,2008/3/31,125,752-BEH,CUSTOMER
YAMAHA,NXC125LA,黑,753-GAD,E3B8E-338780,2009/12/14,125,753-GAD,CUSTOMER
YAMAHA,JOG100,,755-BFT,,,100,755-BFT,CUSTOMER
YAMAHA,NXC125L,白色,756-BYD,E395E-208940,2008/2/21,125,756-BYD,CUSTOMER
YAMAHA,XC125FR,深灰,760-EGZ,E379E-166592,2009/4/17,125,760-EGZ,CUSTOMER
YAMAHA,rsz100,,771-CGK,,,100,771-CGK,CUSTOMER
YAMAHA,NXC125M,黑金,773-HLP,E3B8E-443295,2010/5/31,125,773-HLP,CUSTOMER
YAMAHA,BXC125D,白,775-BFH,E373E-209089,2007/12/10,125,775-BFH,CUSTOMER
YAMAHA,NXC125LA,白,776-EPU,E3B8E-410546,2010/1/26,125,776-EPU,CUSTOMER
YAMAHA,XC100N,黑,777-BLK,E390E-179585,2007/9/12,100,777-BLK,CUSTOMER
YAMAHA,NXC125LA,白／銀,777-CVK,E3B8E-233429,2008/6/28,125,777-CVK,CUSTOMER
YAMAHA,XC100FA,紅,780-EGY,5SK-705016,2009/2/27,100,780-EGY,CUSTOMER
YAMAHA,NXC125L,深灰銀色,786-BLM,E395E-205073,2007/9/20,125,786-BLM,CUSTOMER
YAMAHA,,,787-EZU,,,90,787-EZU,CUSTOMER
YAMAHA,NXC125K,白色,789-CLC,E394E-221505,2008/6/3,125,789-CLC,CUSTOMER
YAMAHA,NXC125L,深灰銀色,797-CHU,E395E-205103,2008/1/9,125,797-CHU,CUSTOMER
YAMAHA,GTR噴射4期,銀,7GK-320,E383E-104705,2007/3/28,125,7GK-320,CUSTOMER
YAMAHA,,,7GQ-938,,,125,7GQ-938,CUSTOMER
YAMAHA,XC125JR,黑,805-GFC,E3E3E-301199,2009/8/13,125,805-GFC,CUSTOMER
YAMAHA,NXC125K,黑,806-CVB,E394E-219437,2008/6/2,125,806-CVB,CUSTOMER
YAMAHA,jog,,807-QAC,,,50,807-QAC,CUSTOMER
YAMAHA,NXC125K,紅,813-BHP,E394E-205540,2007/11/9,125,813-BHP,CUSTOMER
YAMAHA,XC100VF-,藍白,815-CGJ,E390E-263363,2008/2/15,100,815-CGJ,CUSTOMER
YAMAHA,XC125FR,深灰,817-BPZ,E379E-154020,2007/10/22,125,817-BPZ,CUSTOMER
YAMAHA,YW125T,白,817-CUN,E3B2E-101393,2008/4/17,125,817-CUN,CUSTOMER
YAMAHA,XC125GR,銀,818-HYB,E3E3E-351671,2010/9/16,125,818-HYB,CUSTOMER
YAMAHA,XC125FR,深灰,820-BYX,E379E-152829,2007/12/24,125,820-BYX,CUSTOMER
YAMAHA,NXC125LA-,黑／銀,820-EQR,E3B8E-254160,2009/8/17,125,820-EQR,CUSTOMER
YAMAHA,XC125ER,黑,821-CVP,E368E-272970,2009/2/23,125,821-CVP,CUSTOMER
YAMAHA,NXC125K,銀,823-BEF,E394E-204523,2007/8/22,125,823-BEF,CUSTOMER
YAMAHA,NXC125K,黑,823-GCC,E394E-247316,2009/6/30,125,823-GCC,CUSTOMER
YAMAHA,XC100NE,藍,823-GRV,E3E4E-109539,2009/8/10,100,823-GRV,CUSTOMER
YAMAHA,NXC125M-,白金,826-HPW,E3B8E-466568,2010/12/9,125,826-HPW,CUSTOMER
YAMAHA,YW125T,黑,827-GDW,E3B2E-420162,2010/2/26,125,827-GDW,CUSTOMER
YAMAHA,XC100L,紅白 1,828-KJC,E3B9E-592032,2012/2/23,100,828-KJC,CUSTOMER
YAMAHA,,,836-CFS,,,125,836-CFS,CUSTOMER
YAMAHA,,,836-EQX,,,125,836-EQX,CUSTOMER
YAMAHA,BXC125D,銀,838-BGD,E373E-201971,2007/7/18,125,838-BGD,CUSTOMER
YAMAHA,XC100NA,黑,853-BGW,E390E-208112,2007/12/7,100,853-BGW,CUSTOMER
YAMAHA,jog,,858-QCJ,,,50,858-QCJ,CUSTOMER
YAMAHA,NXC125N,深灰銀,859-KUM,E3B8E-584815,2012/9/20,125,859-KUM,CUSTOMER
YAMAHA,GTR125,黑銀,870-BAK,,2007/11/9,125,870-BAK,CUSTOMER
YAMAHA,BXC125D,銀,871-BET,E373E-202369,2007/11/5,125,871-BET,CUSTOMER
YAMAHA,NXC125K,黑,871-ECW,E394E-238886,2009/3/16,125,871-ECW,CUSTOMER
YAMAHA,,,878-DEV,,,125,878-DEV,CUSTOMER
YAMAHA,XC100F,黑,883-BNX,5SK-624900,2007/8/20,100,883-BNX,CUSTOMER
YAMAHA,NXC125M,白金,885-JCF,E3B8E-456935,2010/10/1,125,885-JCF,CUSTOMER
YAMAHA,NXC125LA,黑,889-GCQ,E3B8E-334237,2009/8/18,125,889-GCQ,CUSTOMER
YAMAHA,YW125T,白,893-CKV,E3B2E-101576,2008/6/2,125,893-CKV,CUSTOMER
YAMAHA,馬車,,897-BCT,,,125,897-BCT,CUSTOMER
YAMAHA,NXC125LA,黑／銀,899-EGD,E3B8E-234250,2008/10/8,125,899-EGD,CUSTOMER
YAMAHA,XC125ME,銀,8FC-185,4TE-482902,2007/1/22,125,8FC-185,CUSTOMER
YAMAHA,RS-Z,深灰,8FM-319,E390E-125361,2007/4/9,100,8FM-319,CUSTOMER
YAMAHA,NXC125K-,深灰,8GB-923,E394E-110521,2007/1/17,125,8GB-923,CUSTOMER
YAMAHA,NXC125E,白,8HA-977,E377E-417389,2007/1/5,125,8HA-977,CUSTOMER
YAMAHA,NXC125K-,深灰,8HD-223,E394E-115836,2007/1/19,125,8HD-223,CUSTOMER
YAMAHA,勁戰,淺黃,8HF-060,5TY-121510,2003/11/24,125,8HF-060,CUSTOMER
YAMAHA,gtr,,8HF-939,,,125,8HF-939,CUSTOMER
YAMAHA,XC125ME,淺紫,8HS-801,4TE-489122,2007/3/13,125,8HS-801,CUSTOMER
YAMAHA,NXC125K-,黑,8HV-076,E394E-121668,2007/3/23,125,8HV-076,CUSTOMER
YAMAHA,NXC125LA,白／銀,906-CVY,E3B8E-236320,2008/9/11,125,906-CVY,CUSTOMER
YAMAHA,XC100NC,黃,910-CLJ,E390E-365515,2008/2/18,100,910-CLJ,CUSTOMER
YAMAHA,XC100VE,白深灰,913-ERZ,E3B9E-350863,2010/1/28,100,913-ERZ,CUSTOMER
YAMAHA,5TY,,919-GCE,,,125,919-GCE,CUSTOMER
YAMAHA,QC,,922-JBF,,,100,922-JBF,CUSTOMER
YAMAHA,CUXI,黑,925-CNT,E390E-476630,2009/3/19,100,925-CNT,CUSTOMER
YAMAHA,YW125XA,黑,926-HSU,E3B2E-456533,2011/6/8,125,926-HSU,CUSTOMER
YAMAHA,,,928-EQK,,,1,928-EQK,CUSTOMER
YAMAHA,NXC125L,白銀,929-CHB,E395E-208883,2007/12/7,125,929-CHB,CUSTOMER
YAMAHA,NXC125K,黑,930-CWB,E394E-233730,2008/9/25,125,930-CWB,CUSTOMER
YAMAHA,XC100N,紅,935-CMN,E390E-192223,2008/4/30,100,935-CMN,CUSTOMER
YAMAHA,4CW,,936-CVU,,,125,936-CVU,CUSTOMER
YAMAHA,NXC125K,白色,938-CWP,E394E-234807,2008/11/26,125,938-CWP,CUSTOMER
YAMAHA,BXC125D,黑,959-CUZ,E373E-216146,2008/6/30,125,959-CUZ,CUSTOMER
YAMAHA,NXC125LA,灰,961-GKH,E3B8E-336285,2009/9/14,125,961-GKH,CUSTOMER
YAMAHA,XC100VG,白,962-EFQ,E390E-534356,2009/4/6,100,962-EFQ,CUSTOMER
YAMAHA,NXC125LA,白／銀,963-DTQ,E3B8E-233798,2008/7/14,125,963-DTQ,CUSTOMER
YAMAHA,NXC125LA,黑,965-GAZ,E3B8E-413598,2010/4/8,125,965-GAZ,CUSTOMER
YAMAHA,XC100NE,黑,966-EXB,E3E4E-102199,2009/5/1,100,966-EXB,CUSTOMER
YAMAHA,XC125ER,銀,968-CHM,E368E-265316,2008/1/28,125,968-CHM,CUSTOMER
YAMAHA,4CW,,972-EZP,,,125,972-EZP,CUSTOMER
YAMAHA,BXC125D,白,976-DDV,E373E-214588,2008/5/8,125,976-DDV,CUSTOMER
YAMAHA,XC125FR,深灰,978-EDJ,E379E-163860,2009/7/31,125,978-EDJ,CUSTOMER
YAMAHA,XC50FA,白黑,978-QCQ,A315E-220345,2010/6/21,50,978-QCQ,CUSTOMER
YAMAHA,XC100VF-,藍白,979-BFR,E390E-265751,2008/3/12,100,979-BFR,CUSTOMER
YAMAHA,XC100VF-,藍白,982-BFR,E390E-266328,2008/3/17,100,982-BFR,CUSTOMER
YAMAHA,CE50B,黑,983-QDH,A310E-204969,2008/5/1,50,983-QDH,CUSTOMER
YAMAHA,XC125FR,黑,985-BFR,E379E-155642,2008/2/14,125,985-BFR,CUSTOMER
YAMAHA,QC,白,987-BFR,E390E-193667,2007/12/28,101,987-BFR,CUSTOMER
YAMAHA,NXC125LA,白／銀,988-ECV,E3B8E-243530,2009/3/9,125,988-ECV,CUSTOMER
YAMAHA,,,992-BGM,,,125,992-BGM,CUSTOMER
YAMAHA,NXC125K,白色,992-CUW,E394E-222902,2008/5/16,125,992-CUW,CUSTOMER
YAMAHA,BXC125D,銀,993-CUT,E373E-214628,2008/5/26,125,993-CUT,CUSTOMER
YAMAHA,XC100FA,銀,998-EMC,5SK-715159,2009/7/2,100,998-EMC,CUSTOMER
YAMAHA,新勁戰,黑,9GQ-852,E394E-105471,2006/9/25,125,9GQ-852,CUSTOMER
YAMAHA,,,9HE-112,,,125,9HE-112,CUSTOMER
YAMAHA,NXC125K-,白,9HH-099,E394E-125718,2007/5/14,125,9HH-099,CUSTOMER
YAMAHA,XC100N,藍,9HK-051,E390E-159172,2007/5/25,100,9HK-051,CUSTOMER
YAMAHA,XC100F,白,9HP-678,5SK-623548,2007/6/13,100,9HP-678,CUSTOMER
YAMAHA,XC125ME,銀,9HS-391,4TE-481713,2007/6/20,125,9HS-391,CUSTOMER
YAMAHA,XC125ME,銀,9HS-798,4TE-483285,2007/6/20,125,9HS-798,CUSTOMER
YAMAHA,XC125ME,銀,9HV-607,4TE-485328,2007/7/2,125,9HV-607,CUSTOMER
YAMAHA,XC100V,白,9HZ-068,E390E-128581,2007/7/11,100,9HZ-068,CUSTOMER
YAMAHA,XC100N,藍,9HZ-306,E390E-158712,2007/7/12,100,9HZ-306,CUSTOMER
YAMAHA,BXC125D,白,9HZ-935,E373E-203747,2007/7/16,125,9HZ-935,CUSTOMER
YAMAHA,NXC125E,白,A2B-387,E377E-416081,2006/7/5,125,A2B-387,CUSTOMER
YAMAHA,NXC125E,銀,A2B-896,E377E-413559,2006/6/27,125,A2B-896,CUSTOMER
YAMAHA,BXC125,黑/銀,A2B-908,E373E-152601,2006/6/27,125,A2B-908,CUSTOMER
YAMAHA,XC125BR,銀,A2H-839,E368E-164812,2006/7/18,125,A2H-839,CUSTOMER
YAMAHA,NXC125K-,白,A2Q-675,E394E-103572,2006/8/14,125,A2Q-675,CUSTOMER
YAMAHA,NXC125K-,紅,A2S-172,E394E-101117,2006/8/17,125,A2S-172,CUSTOMER
YAMAHA,BXC125,白黑,A2T-137,E373E-158617,2006/8/23,125,A2T-137,CUSTOMER
YAMAHA,NXC125K-,紅,A2V-970,E394E-104391,2006/8/31,125,A2V-970,CUSTOMER
YAMAHA,XC100V,深灰,A2X-958,E390E-109252,2006/9/6,100,A2X-958,CUSTOMER
YAMAHA,愛將,,A2Y-322,3UR154146,2006/9/7,150,A2Y-322,CUSTOMER
YAMAHA,愛將,,A2Z-869,,,150,A2Z-869,CUSTOMER
YAMAHA,XC100F,白,A2Z-958,5SK-608452,2006/9/13,100,A2Z-958,CUSTOMER
YAMAHA,XC125CR,銀,A3C-926,E379E-121638,2006/9/25,125,A3C-926,CUSTOMER
YAMAHA,XC100V,黑,A3C-972,E390E-114037,2006/9/25,100,A3C-972,CUSTOMER
YAMAHA,愛將,,A3E-910,,,150,A3E-910,CUSTOMER
YAMAHA,XC100F,黃黑 1,A3G-962,5SK-530231,2006/10/2,100,A3G-962,CUSTOMER
YAMAHA,GTR,,A3H-227,,,125,A3H-227,CUSTOMER
YAMAHA,XC100N,黑,A3P-553,E390E-153936,2006/10/30,100,A3P-553,CUSTOMER
YAMAHA,愛將,,A3Q-788,,,150,A3Q-788,CUSTOMER
YAMAHA,NXC125K-,白,A3R-978,E394E-110212,2006/11/9,125,A3R-978,CUSTOMER
YAMAHA,XC100G,粉紅,A3Y-228,5WC-285691,2006/12/4,100,A3Y-228,CUSTOMER
YAMAHA,BWS,,A5A-138,,,100,A5A-138,CUSTOMER
YAMAHA,,,AA2-270,,,125,AA2-270,CUSTOMER
YAMAHA,XC125RA,黑,AA5-152,5NW-319905,2004/9/29,125,AA5-152,CUSTOMER
YAMAHA,,,AA7-685,,,125,AA7-685,CUSTOMER
YAMAHA,風光,,AAZ-270,,,125,AAZ-270,CUSTOMER
YAMAHA,PRO,,ABN-808,,,90,ABN-808,CUSTOMER
YAMAHA,馬車,,AD9-685,5CA-113252,1999/3/15,125,AD9-685,CUSTOMER
YAMAHA,XC100F,紅,AE6-581,5SK-313431,2004/9/15,100,AE6-581,CUSTOMER
YAMAHA,,,AE8-350,,,100,AE8-350,CUSTOMER
YAMAHA,,,AEQ-268,,,50,AEQ-268,CUSTOMER
YAMAHA,BXC125,深銀灰,AF7-471,E373E-116530,2005/2/22,125,AF7-471,CUSTOMER
YAMAHA,4CW,,AFF-836,,,125,AFF-836,CUSTOMER
YAMAHA,SVMAX,,AFN-212,,,125,AFN-212,CUSTOMER
YAMAHA,迅光,,AFO-826,,,125,AFO-826,CUSTOMER
YAMAHA,,,AFU-346,,,125,AFU-346,CUSTOMER
YAMAHA,迅光,,AFY-616,,,125,AFY-616,CUSTOMER
YAMAHA,勁風,,AIL-885,,,90,AIL-885,CUSTOMER
YAMAHA,迅光 FR,,AIM-470,4HP-009196,1993/10/5,125,AIM-470,CUSTOMER
YAMAHA,勁風,,AIT-588,,,90,AIT-588,CUSTOMER
YAMAHA,,,AIZ-289,,,150,AIZ-289,CUSTOMER
YAMAHA,迅光可動,,AIZ-623,4CW-074449,1994/1/5,125,AIZ-623,CUSTOMER
YAMAHA,4CW,黑,AIZ-680,4HP-039561,1994/1/6,125,AIZ-680,CUSTOMER
YAMAHA,4CW,,AKK-456,,,125,AKK-456,CUSTOMER
YAMAHA,,黑,AKR-581,3UR-403475,1994/2/28,147,AKR-581,CUSTOMER
YAMAHA,XC125Z1,藍,AKY-456,4HP-018230,1994/3/14,125,AKY-456,CUSTOMER
YAMAHA,4CW,,ALG-734,,,125,ALG-734,CUSTOMER
YAMAHA,4CW,,ALG-743,,,125,ALG-743,CUSTOMER
YAMAHA,,,ALK-987,,,90,ALK-987,CUSTOMER
YAMAHA,迅,,AMB-098,,,125,AMB-098,CUSTOMER
YAMAHA,4CW,,AMB-466,,,125,AMB-466,CUSTOMER
YAMAHA,,,AMP-621,,,125,AMP-621,CUSTOMER
YAMAHA,勁風90,,AMQ-323,,,90,AMQ-323,CUSTOMER
YAMAHA,4CW,,AMU-881,,,125,AMU-881,CUSTOMER
YAMAHA,,,AMZ-216,,,125,AMZ-216,CUSTOMER
YAMAHA,XC100F,黑,AN2-730,5SK-332306,2005/2/15,100,AN2-730,CUSTOMER
YAMAHA,,,ANG-283,,,50,ANG-283,CUSTOMER
YAMAHA,,,ANL-393,,,50,ANL-393,CUSTOMER
YAMAHA,,,ANN-032,,,125,ANN-032,CUSTOMER
YAMAHA,JOG,,ANN-899,,,90,ANN-899,CUSTOMER
YAMAHA,XC125ME,紅,AP9-893,4TE-432591,2004/10/28,125,AP9-893,CUSTOMER
YAMAHA,,,APA-083,,,125,APA-083,CUSTOMER
YAMAHA,,,APV-638,4KX-157985,1995/4/26,82,APV-638,CUSTOMER
YAMAHA,,,APZ-128,,,150,APZ-128,CUSTOMER
YAMAHA,,,AQA-689,,,125,AQA-689,CUSTOMER
YAMAHA,4CW,,AQG-553,4HP-333782,1994/11/28,125,AQG-553,CUSTOMER
YAMAHA,4CW,,AQK-725,,,125,AQK-725,CUSTOMER
YAMAHA,4CW,,AQL-503,,,125,AQL-503,CUSTOMER
YAMAHA,,,AQM-015,4HP-347198,1995/2/10,125,AQM-015,CUSTOMER
YAMAHA,,,AQN-929,4HP-363267,,125,AQN-929,CUSTOMER
YAMAHA,愛將,,AQO-259,,,150,AQO-259,CUSTOMER
YAMAHA,,,AQO-920,,,125,AQO-920,CUSTOMER
YAMAHA,勁風,白,ARB-215,,,90,ARB-215,CUSTOMER
YAMAHA,,,ARD-193,4HP-366951,1995/7/10,125,ARD-193,CUSTOMER
YAMAHA,4CW,,ARF-632,,,125,ARF-632,CUSTOMER
YAMAHA,,,ARG-945,,,125,ARG-945,CUSTOMER
YAMAHA,4CW,,ARL-021,,,125,ARL-021,CUSTOMER
YAMAHA,,藍,ARR-360,4HP-361135,1995/11/29,125,ARR-360,CUSTOMER
YAMAHA,4CW,,ARR-475,,,125,ARR-475,CUSTOMER
YAMAHA,,,ARU-121,,1995/12/12,125,ARU-121,CUSTOMER
YAMAHA,,,ARU-823,3UR-806303,1995/12/28,147,ARU-823,CUSTOMER
YAMAHA,新勁風,,ARV-201,,,90,ARV-201,CUSTOMER
YAMAHA,4CW,,ARX-099,,,125,ARX-099,CUSTOMER
YAMAHA,,,ARX-876,4TF-010482,1996/2/16,125,ARX-876,CUSTOMER
YAMAHA,,,ARY-025,,,125,ARY-025,CUSTOMER
YAMAHA,4CW,,ASA-990,,,125,ASA-990,CUSTOMER
YAMAHA,FD,黑,ASD-456,4TF-018195,1996/4/9,124,ASD-456,CUSTOMER
YAMAHA,,,ASE-298,,,125,ASE-298,CUSTOMER
YAMAHA,4CW,,ASF-593,,,125,ASF-593,CUSTOMER
YAMAHA,4CW,,ASF-811,,,125,ASF-811,CUSTOMER
YAMAHA,3UR,,ASH-683,,,150,ASH-683,CUSTOMER
YAMAHA,4CW,,ASL-473,,,125,ASL-473,CUSTOMER
YAMAHA,4CW,,ASO-287,,,125,ASO-287,CUSTOMER
YAMAHA,迅光125,,ASO-531,,,125,ASO-531,CUSTOMER
YAMAHA,4CW,,ASP-763,,,125,ASP-763,CUSTOMER
YAMAHA,4CW,,ASR-468,,,125,ASR-468,CUSTOMER
YAMAHA,4CW,,ASY-430,,,125,ASY-430,CUSTOMER
YAMAHA,,,ATI-865,4DM-035829,1996/10/2,90,ATI-865,CUSTOMER
YAMAHA,4CW,,AUE-482,,,125,AUE-482,CUSTOMER
YAMAHA,4CW,,AUK-667,,,125,AUK-667,CUSTOMER
YAMAHA,,藍色,AUK-731,,,100,AUK-731,CUSTOMER
YAMAHA,,,AUM-327,,,90,AUM-327,CUSTOMER
YAMAHA,4CW,,AUM-418,,,125,AUM-418,CUSTOMER
YAMAHA,XC125M,,AUM-983,4TE-046429,1997/7/15,125,AUM-983,CUSTOMER
YAMAHA,,,AUN-589,4TE-026193,1997/7/23,125,AUN-589,CUSTOMER
YAMAHA,,,AUO-672,,,100,AUO-672,CUSTOMER
YAMAHA,4CW,,AUP-700,,,125,AUP-700,CUSTOMER
YAMAHA,,,AUP-919,4VP-112977,1997/8/21,100,AUP-919,CUSTOMER
YAMAHA,風光,,AUU-515,,,125,AUU-515,CUSTOMER
YAMAHA,,,AUV-091,,2012/9/20,125,AUV-091,CUSTOMER
YAMAHA,4CW,,AVB-175,,,125,AVB-175,CUSTOMER
YAMAHA,,,AVG-051,,,125,AVG-051,CUSTOMER
YAMAHA,vino,,AVI-769,,,50,AVI-769,CUSTOMER
YAMAHA,,,AVI-922,,,125,AVI-922,CUSTOMER
YAMAHA,XC125FD,,AVJ-739,4TF-0473299,,125,AVJ-739,CUSTOMER
YAMAHA,愛將,,AVK-419,,,150,AVK-419,CUSTOMER
YAMAHA,愛將,,AVK-732,,,150,AVK-732,CUSTOMER
YAMAHA,,,AVK-735,,,125,AVK-735,CUSTOMER
YAMAHA,迅光FD,,AVR-489,4TF-042072,1997/3/21,125,AVR-489,CUSTOMER
YAMAHA,,,AVS-589,,,125,AVS-589,CUSTOMER
YAMAHA,,,AVU-526,,,125,AVU-526,CUSTOMER
YAMAHA,迅光,,AVU-968,,,125,AVU-968,CUSTOMER
YAMAHA,4CW,,AVZ-848,,,125,AVZ-848,CUSTOMER
YAMAHA,風光,銀,AW9-629,4TE-412823,2004/4/26,125,AW9-629,CUSTOMER
YAMAHA,,,AWH-145,,,125,AWH-145,CUSTOMER
YAMAHA,,,AWN-075,,,90,AWN-075,CUSTOMER
YAMAHA,,,AWN-552,,,125,AWN-552,CUSTOMER
YAMAHA,pro,,AWN-697,,,90,AWN-697,CUSTOMER
YAMAHA,4CW,,AWT-639,,,125,AWT-639,CUSTOMER
YAMAHA,,,AWT-663,,,100,AWT-663,CUSTOMER
YAMAHA,,,AWU-311,,,125,AWU-311,CUSTOMER
YAMAHA,XC125R,銀,AWU-519,5DC-00412,1997/12/17,125,AWU-519,CUSTOMER
YAMAHA,SR150,,AXM-795,3UR-507283,1994/7/18,147,AXM-795,CUSTOMER
YAMAHA,風光,,AXN-422,,,125,AXN-422,CUSTOMER
YAMAHA,,,AXN-567,,,125,AXN-567,CUSTOMER
YAMAHA,,,AXO-175,4VP-202747,1998/8/10,101,AXO-175,CUSTOMER
YAMAHA,,,AXW-159,,,125,AXW-159,CUSTOMER
YAMAHA,4CW,,AXX-963,,,125,AXX-963,CUSTOMER
YAMAHA,SR150,藍,AXY-683,3UR-509992,1998/7/1,150,AXY-683,CUSTOMER
YAMAHA,XC100F,紅,AY9-935,5SK-308577,2004/9/3,100,AY9-935,CUSTOMER
YAMAHA,,,AYA-613,,,50,AYA-613,CUSTOMER
YAMAHA,,,AYB-737,,,125,AYB-737,CUSTOMER
YAMAHA,,,AYH-436,,,125,AYH-436,CUSTOMER
YAMAHA,,,AYI-896,,,150,AYI-896,CUSTOMER
YAMAHA,,,AYQ-148,5CP-108910,1998/5/7,101,AYQ-148,CUSTOMER
YAMAHA,,,AYQ-385,,,125,AYQ-385,CUSTOMER
YAMAHA,風光-SV,,AYR-257,,,125,AYR-257,CUSTOMER
YAMAHA,,,AZA-893,,,125,AZA-893,CUSTOMER
YAMAHA,,,AZC-973,5DC-023895,1998/9/2,125,AZC-973,CUSTOMER
YAMAHA,,,AZG-577,,,50,AZG-577,CUSTOMER
YAMAHA,風光,,AZM-938,,,125,AZM-938,CUSTOMER
YAMAHA,風光,,AZY-115,4TE-520722,1999/1/18,125,AZY-115,CUSTOMER
YAMAHA,BWS,,AZY-985,,,100,AZY-985,CUSTOMER
YAMAHA,,,BAH-359,,,125,BAH-359,CUSTOMER
YAMAHA,馬車,銀,BAN-097,5CA-200986,1999/5/7,124,BAN-097,CUSTOMER
YAMAHA,,,BAN-321,,,125,BAN-321,CUSTOMER
YAMAHA,馬車,,BAO-883,,,125,BAO-883,CUSTOMER
YAMAHA,,,BAP-233,,,0,BAP-233,CUSTOMER
YAMAHA,跩哥 　,,BAV-569,,,150,BAV-569,CUSTOMER
YAMAHA,VINO,,BAX-935,,,90,BAX-935,CUSTOMER
YAMAHA,VINO,,BAZ-818,,,50,BAZ-818,CUSTOMER
YAMAHA,馬車,,BBC-562,,1999/9/23,125,BBC-562,CUSTOMER
YAMAHA,,,BBD-671,,,90,BBD-671,CUSTOMER
YAMAHA,,,BBK-386,,,50,BBK-386,CUSTOMER
YAMAHA,愛將,,BBK-901,,,150,BBK-901,CUSTOMER
YAMAHA,,,BBL-787,,,125,BBL-787,CUSTOMER
YAMAHA,,,BBP-923,,,125,BBP-923,CUSTOMER
YAMAHA,,,BBV-561,,,125,BBV-561,CUSTOMER
YAMAHA,,,BBV-902,,,125,BBV-902,CUSTOMER
YAMAHA,,,BBX-890,,,125,BBX-890,CUSTOMER
YAMAHA,XC125ME,,BBY-199,,,125,BBY-199,CUSTOMER
YAMAHA,,,BBY-628,,,125,BBY-628,CUSTOMER
YAMAHA,XC125RA,紅,BC8-907,5NW-319367,2004/8/30,125,BC8-907,CUSTOMER
YAMAHA,5FM,,BCA-522,,,125,BCA-522,CUSTOMER
YAMAHA,馬車,,BCB-987,,,125,BCB-987,CUSTOMER
YAMAHA,,,BCL-378,,,125,BCL-378,CUSTOMER
YAMAHA,,,BCM-670,,,125,BCM-670,CUSTOMER
YAMAHA,,,BDF-269,,,125,BDF-269,CUSTOMER
YAMAHA,風光,,BDK-921,,,125,BDK-921,CUSTOMER
YAMAHA,[''跨閘]WW,,BDT-821,,,0,BDT-821,CUSTOMER
YAMAHA,BWS,,BDW-968,,,100,BDW-968,CUSTOMER
YAMAHA,比安可 鼓,,BDX-471,5JS-304630,2000/9/14,125,BDX-471,CUSTOMER
YAMAHA,風光,,BDX-690,,,125,BDX-690,CUSTOMER
YAMAHA,馬車,,BEI-008,5CA-801185,2000/10/6,125,BEI-008,CUSTOMER
YAMAHA,SF100,,BEO-765,5CP-407111,2000/11/6,100,BEO-765,CUSTOMER
YAMAHA,,,BEQ-627,,,100,BEQ-627,CUSTOMER
YAMAHA,YA100W,黑,BEZ-023,5CP-306397,2001/2/27,101,BEZ-023,CUSTOMER
YAMAHA,XC125VB,淺綠,BEZ-368,5JS-307157,2001/2/9,125,BEZ-368,CUSTOMER
YAMAHA,,,BFA-301,,,125,BFA-301,CUSTOMER
YAMAHA,,,BFC-200,,,125,BFC-200,CUSTOMER
YAMAHA,XC100A,黑,BFC-878,5HK-201106,2001/1/2,101,BFC-878,CUSTOMER
YAMAHA,馬車,,BFD-368,,,125,BFD-368,CUSTOMER
YAMAHA,車玩,,BFG-718,,,125,BFG-718,CUSTOMER
YAMAHA,XC100,,BFI-078,5HK-112139,2001/3/9,101,BFI-078,CUSTOMER
YAMAHA,XC100B,淺藍,BFI-406,5PD-108341,2001/3/16,101,BFI-406,CUSTOMER
YAMAHA,XC125N,深綠色,BFN-789,5FM-501152,2006/9/14,125,BFN-789,CUSTOMER
YAMAHA,,,BFP-912,,,125,BFP-912,CUSTOMER
YAMAHA,,,BFP-913,,,125,BFP-913,CUSTOMER
YAMAHA,,,BFP-916,5JS-100163,2001/3/30,125,BFP-916,CUSTOMER
YAMAHA,,綠,BFX-838,5JS-311829,2001/5/29,125,BFX-838,CUSTOMER
YAMAHA,,,BFX-902,,,125,BFX-902,CUSTOMER
YAMAHA,,,BFY-638,,,100,BFY-638,CUSTOMER
YAMAHA,XC125RA-,銀,BFZ-313,5NW-105780,2001/6/7,125,BFZ-313,CUSTOMER
YAMAHA,馬車,,BGE-410,,,124,BGE-410,CUSTOMER
YAMAHA,XC125MA,銀,BGF-718,5NV-101863,2001/7/13,125,BGF-718,CUSTOMER
YAMAHA,YP125D,銀,BGH-670,5CA-402525,2001/7/20,124,BGH-670,CUSTOMER
YAMAHA,S 4,銀,BGI-127,5HK-401576,2001/7/24,101,BGI-127,CUSTOMER
YAMAHA,,,BGJ-623,,,125,BGJ-623,CUSTOMER
YAMAHA,SV MAX,,BGJ-701,5NW-113526,2001/8/1,125,BGJ-701,CUSTOMER
YAMAHA,,,BGM-352,,,50,BGM-352,CUSTOMER
YAMAHA,XC125RA-,銀,BGO-176,5NW-115517,2001/8/23,125,BGO-176,CUSTOMER
YAMAHA,XC125N,深綠,BGQ-019,5FM-502725,2001/9/4,125,BGQ-019,CUSTOMER
YAMAHA,車玩,紅,BGQ-438,5NW-111277,2001/9/7,125,BGQ-438,CUSTOMER
YAMAHA,車玩,,BGS-726,,,125,BGS-726,CUSTOMER
YAMAHA,XC125ME,黑,BGY-335,4TE-637688,2001/10/22,125,BGY-335,CUSTOMER
YAMAHA,NXC125A,黑,BH8-458,5TY-220215,2004/7/22,125,BH8-458,CUSTOMER
YAMAHA,頂迅,,BHA-463,5FM-508221,2001/11/2,125,BHA-463,CUSTOMER
YAMAHA,YP125D,黑,BHH-699,5CA-403915,2001/12/27,124,BHH-699,CUSTOMER
YAMAHA,JOG100,,BHJ-015,,,100,BHJ-015,CUSTOMER
YAMAHA,,,BHW-451,,,125,BHW-451,CUSTOMER
YAMAHA,SR150E愛將,黑,BHZ-786,3UR-108205,2002/5/2,147,BHZ-786,CUSTOMER
YAMAHA,XC125MA,黑,BIC-856,5NV-106575,2002/1/8,125,BIC-856,CUSTOMER
YAMAHA,XC125RA-,銀,BIT-529,5NW-205518,2002/10/11,125,BIT-529,CUSTOMER
YAMAHA,XC125RA-,銀,BJA-535,5NW-134733,2002/5/7,125,BJA-535,CUSTOMER
YAMAHA,XC125MA,深綠,BJI-257,5NV-110716,2002/6/18,125,BJI-257,CUSTOMER
YAMAHA,RS100,,BJI-531,,,100,BJI-531,CUSTOMER
YAMAHA,,,BJJ-070,,,125,BJJ-070,CUSTOMER
YAMAHA,XC125RA-,銀,BJL-813,5NW-137955,2002/7/7,125,BJL-813,CUSTOMER
YAMAHA,4CW,,BJM-358,4HP-618863,1997/5/14,125,BJM-358,CUSTOMER
YAMAHA,,,BJT-528,,,150,BJT-528,CUSTOMER
YAMAHA,XC100F,,BJT-531,5SK-103402,2002/8/8,100,BJT-531,CUSTOMER
YAMAHA,勁戰100,,BJU-577,,,100,BJU-577,CUSTOMER
YAMAHA,SV MAX,銀,BJU-839,5NW-204098,2002/8/14,125,BJU-839,CUSTOMER
YAMAHA,NXC125T,銀,BKH-713,5TY-100869,2002/10/3,125,BKH-713,CUSTOMER
YAMAHA,XC100B,紅,BKJ-660,5PD-124808,2002/10/11,101,BKJ-660,CUSTOMER
YAMAHA,,,BKS-269,,,125,BKS-269,CUSTOMER
YAMAHA,NXC125T,銀,BKS-351,5TY-104687,2002/10/30,125,BKS-351,CUSTOMER
YAMAHA,馬車,,BKS-660,,,125,BKS-660,CUSTOMER
YAMAHA,車玩,,BLC-109,,,125,BLC-109,CUSTOMER
YAMAHA,XC100F-,黑,BLK-110,5SK-122177,2003/2/10,101,BLK-110,CUSTOMER
YAMAHA,SV MAX,,BLL-932,,,125,BLL-932,CUSTOMER
YAMAHA,RS100,銀色,BLP-112,,2003/3/3,100,BLP-112,CUSTOMER
YAMAHA,,,BLZ-203,,,100,BLZ-203,CUSTOMER
YAMAHA,,,BNC-060,,,100,BNC-060,CUSTOMER
YAMAHA,,,BND-327,,,125,BND-327,CUSTOMER
YAMAHA,,,BNI-713,,,125,BNI-713,CUSTOMER
YAMAHA,XC125RA,,BNJ-977,5NW-302221,2003/6/16,125,BNJ-977,CUSTOMER
YAMAHA,5ML,,BNR-282,5TY-114715,2003/9/1,125,BNR-282,CUSTOMER
YAMAHA,,,BPC-876,,,125,BPC-876,CUSTOMER
YAMAHA,XC125ME,銀,BPE-872,4TE-309611,2003/5/16,125,BPE-872,CUSTOMER
YAMAHA,車玩,,BPH-958,,,125,BPH-958,CUSTOMER
YAMAHA,NXC125T,黑,BPJ-535,5TY-116043,2003/6/2,125,BPJ-535,CUSTOMER
YAMAHA,,,BPL-812,,,100,BPL-812,CUSTOMER
YAMAHA,風光,,BPN-877,,,125,BPN-877,CUSTOMER
YAMAHA,XC100F-,銀 2,BPP-518,5SK-200710,2003/6/24,101,BPP-518,CUSTOMER
YAMAHA,XC125RA,黑 3,BPP-788,5NW-414202,2003/6/25,125,BPP-788,CUSTOMER
YAMAHA,頂迅,,BPT-821,,,125,BPT-821,CUSTOMER
YAMAHA,XC100F-,紅 2,BQA-526,5SK-208526,2003/8/6,101,BQA-526,CUSTOMER
YAMAHA,車玩,,BQE-117,,,125,BQE-117,CUSTOMER
YAMAHA,NXC125T,黑,BQH-036,5TY-120917,2003/9/2,125,BQH-036,CUSTOMER
YAMAHA,XC100F-,紅 2,BQH-506,5SK-210172,2003/9/3,101,BQH-506,CUSTOMER
YAMAHA,,,BQJ-906,,,125,BQJ-906,CUSTOMER
YAMAHA,XC100F-,黑 2,BQQ-057,5SK-213115,2003/9/19,101,BQQ-057,CUSTOMER
YAMAHA,RS100,,BQS-207,,,100,BQS-207,CUSTOMER
YAMAHA,,,BQT-531,,,125,BQT-531,CUSTOMER
YAMAHA,4CW,,BQX-669,,,125,BQX-669,CUSTOMER
YAMAHA,勁戰,,BQY-531,,,125,BQY-531,CUSTOMER
YAMAHA,,,BVB-142,,,125,BVB-142,CUSTOMER
YAMAHA,大兜風,,BVN-561,,2000/8/18,100,BVN-561,CUSTOMER
YAMAHA,,,BVW-569,,,125,BVW-569,CUSTOMER
YAMAHA,XC125RA,黑,BZ3-328,5NW-312898,2004/4/6,125,BZ3-328,CUSTOMER
YAMAHA,XC125ME,,BZF-166,4TE-808779,1999/8/10,124,BZF-166,CUSTOMER
YAMAHA,風光,,BZG-121,,,125,BZG-121,CUSTOMER
YAMAHA,SVMAX,,C5Z-619,,,125,C5Z-619,CUSTOMER
YAMAHA,,,CER-477,4JK-008205,,125,CER-477,CUSTOMER
YAMAHA,JOG-90,,CES-019,,1994/2/24,90,CES-019,CUSTOMER
YAMAHA,,,CF5-925,,,125,CF5-925,CUSTOMER
YAMAHA,,,CF8-629,,,101,CF8-629,CUSTOMER
YAMAHA,愛將,,CFS-080,,,150,CFS-080,CUSTOMER
YAMAHA,迅光,,CGC-541,,,125,CGC-541,CUSTOMER
YAMAHA,,,CGD-652,3UR-407768,1994/7/28,150,CGD-652,CUSTOMER
YAMAHA,車玩,,CHT-040,,,125,CHT-040,CUSTOMER
YAMAHA,YA50T,,CIY-132,,,50,CIY-132,CUSTOMER
YAMAHA,,,CJQ-899,,,125,CJQ-899,CUSTOMER
YAMAHA,SR150E,黑,CKR-788,3UR-150988,2004/6/4,150,CKR-788,CUSTOMER
YAMAHA,,,CKU-075,5TY-217287,,125,CKU-075,CUSTOMER
YAMAHA,RS,,CKY-663,,,100,CKY-663,CUSTOMER
YAMAHA,NXC125A,黑,CLC-695,5TY-201132,2003/11/6,124,CLC-695,CUSTOMER
YAMAHA,NXC125A,紅,CLE-853,5TY-201836,2003/11/14,125,CLE-853,CUSTOMER
YAMAHA,RS,,CLN-295,5SK-223221,2003/12/24,100,CLN-295,CUSTOMER
YAMAHA,NXC125A,紅,CLQ-825,5TY-203948,2004/1/6,124,CLQ-825,CUSTOMER
YAMAHA,,,CLR-833,,,125,CLR-833,CUSTOMER
YAMAHA,,,CLW-176,,,125,CLW-176,CUSTOMER
YAMAHA,,,CMD-896,,,125,CMD-896,CUSTOMER
YAMAHA,4TE,,CME-263,,,125,CME-263,CUSTOMER
YAMAHA,,紅,CMJ-335,5TY-217740,2004/7/1,124,CMJ-335,CUSTOMER
YAMAHA,NXC125A,黑,CML-223,5TY-219130,2004/7/14,125,CML-223,CUSTOMER
YAMAHA,XC125ME,銀,CMN-658,4TE-417427,2004/7/26,125,CMN-658,CUSTOMER
YAMAHA,,,CMP-006,,,100,CMP-006,CUSTOMER
YAMAHA,XC125ME,紅,CMU-856,4TE-429132,2004/8/17,125,CMU-856,CUSTOMER
YAMAHA,XC125RA,銀,CMX-179,5NW-320807,2004/8/27,125,CMX-179,CUSTOMER
YAMAHA,XC100J,銀,CMX-352,5HK-806835,2004/8/23,101,CMX-352,CUSTOMER
YAMAHA,XC125BR,淺藍,CMY-950,E368E-101248,2004/8/31,125,CMY-950,CUSTOMER
YAMAHA,,,CN8-991,,,100,CN8-991,CUSTOMER
YAMAHA,,,CNA-726,,,100,CNA-726,CUSTOMER
YAMAHA,XC125ME,紅,CNB-815,4TE-405287,2004/3/1,125,CNB-815,CUSTOMER
YAMAHA,,,CND-778,,,0,CND-778,CUSTOMER
YAMAHA,勁戰,,CNF-868,,,125,CNF-868,CUSTOMER
YAMAHA,XC100F,,CNF-956,,,100,CNF-956,CUSTOMER
YAMAHA,NXC125A,銀　,CNJ-202,5TY-208696,2004/3/30,124,CNJ-202,CUSTOMER
YAMAHA,XC125ME,銀,CNM-939,4TE-411301,2004/4/14,125,CNM-939,CUSTOMER
YAMAHA,NXC125A,黑,CNQ-351,5TY-210573,2004/4/26,125,CNQ-351,CUSTOMER
YAMAHA,,,CNT-178,4EH-438869,2004/5/7,90,CNT-178,CUSTOMER
YAMAHA,XC125BR,銀,CPA-899,E368E-102317,2004/9/7,125,CPA-899,CUSTOMER
YAMAHA,,,CPD-907,,,125,CPD-907,CUSTOMER
YAMAHA,風光,,CPE-520,4TE-802646,1999/8/11,125,CPE-520,CUSTOMER
YAMAHA,NXC125A,黑,CPF-795,5TY-227453,2004/9/20,125,CPF-795,CUSTOMER
YAMAHA,XC125RA,銀,CPF-798,5NW-320950,2004/9/20,125,CPF-798,CUSTOMER
YAMAHA,XC125BR,黑,CPR-885,E368E-108733,2004/10/19,125,CPR-885,CUSTOMER
YAMAHA,BXC125,紅,CPU-755,E373E-102473,2004/10/28,125,CPU-755,CUSTOMER
YAMAHA,風光,,CPV-737,,,125,CPV-737,CUSTOMER
YAMAHA,BXC125,深銀灰,CQW-505,E373E-106408,2005/1/14,125,CQW-505,CUSTOMER
YAMAHA,XC100F,黑,CR2-326,5SK-302443,2004/6/24,101,CR2-326,CUSTOMER
YAMAHA,XC100F,黑,CRE-156,5SK-329125,2004/12/28,100,CRE-156,CUSTOMER
YAMAHA,BXC125,銀,CRL-037,E373E-106296,2005/1/25,125,CRL-037,CUSTOMER
YAMAHA,XC125BR,淺藍,CRL-723,E368E-118036,2005/1/27,125,CRL-723,CUSTOMER
YAMAHA,RS100,,CRL-732,5SK-338862,2005/1/27,101,CRL-732,CUSTOMER
YAMAHA,BXC125,黑,CRN-637,E373E-116912,2005/2/14,125,CRN-637,CUSTOMER
YAMAHA,XC100F,藍,CRQ-559,5SK-338852,2005/2/18,100,CRQ-559,CUSTOMER
YAMAHA,NXC125C,黑,CRQ-972,E377E-304785,2005/2/21,125,CRQ-972,CUSTOMER
YAMAHA,RS,,CRS-675,,,100,CRS-675,CUSTOMER
YAMAHA,XC125BR,銀,CRS-802,E368E-121622,2005/3/1,125,CRS-802,CUSTOMER
YAMAHA,BXC125,深銀灰,CRW-221,E373E-120969,2005/3/16,125,CRW-221,CUSTOMER
YAMAHA,XC100F,銀,CRW-852,5SK-330687,2005/3/18,100,CRW-852,CUSTOMER
YAMAHA,NXC125C,黑,CRX-971,E377E-303592,2005/3/23,125,CRX-971,CUSTOMER
YAMAHA,勁戰,,CS2-516,,,125,CS2-516,CUSTOMER
YAMAHA,NXC125C,藍,CSB-758,E377E-308390,2005/4/6,125,CSB-758,CUSTOMER
YAMAHA,XC100F,銀,CSB-773,5SK-334741,2005/4/6,100,CSB-773,CUSTOMER
YAMAHA,,,CSC-726,,,0,CSC-726,CUSTOMER
YAMAHA,BXC125,黑,CSD-662,E373E-119305,2005/4/14,125,CSD-662,CUSTOMER
YAMAHA,XC100G,黑,CSE-550,5WC-215241,2005/4/19,100,CSE-550,CUSTOMER
YAMAHA,NXC125C,黑,CSE-808,E377E-309748,2005/4/21,125,CSE-808,CUSTOMER
YAMAHA,SR150E,黑,CSF-080,3UR-152162,2005/4/22,150,CSF-080,CUSTOMER
YAMAHA,NXC125C,黑色,CSF-115,E377E-308522,2005/4/22,125,CSF-115,CUSTOMER
YAMAHA,NXC125C,黃,CSK-952,E377E-311247,2005/5/10,125,CSK-952,CUSTOMER
YAMAHA,BXC125,深銀灰,CSM-067,E373E-121316,2005/5/16,125,CSM-067,CUSTOMER
YAMAHA,NXC125E,白,CSM-560,E377E-402430,2005/5/18,125,CSM-560,CUSTOMER
YAMAHA,,,CSP-150,,,125,CSP-150,CUSTOMER
YAMAHA,NXC125C,藍,CSP-902,E377E-313486,2005/5/31,125,CSP-902,CUSTOMER
YAMAHA,NXC125C,黃,CSQ-980,E377E-312487,2005/6/3,125,CSQ-980,CUSTOMER
YAMAHA,NXC125C,藍,CSR-290,E377E-309217,2005/6/6,125,CSR-290,CUSTOMER
YAMAHA,SR150E,黑,CSU-191,3UR-152635,2005/6/17,150,CSU-191,CUSTOMER
YAMAHA,NXC125C,藍,CSU-698,E377E-312599,2005/6/21,125,CSU-698,CUSTOMER
YAMAHA,,,CSZ-270,,,125,CSZ-270,CUSTOMER
YAMAHA,NXC125C,黑,CSZ-516,E377E-313775,2005/7/4,125,CSZ-516,CUSTOMER
YAMAHA,,,CT8-828,E373E-107708,2004/12/29,124,CT8-828,CUSTOMER
YAMAHA,勁風光,,CTF-520,,,125,CTF-520,CUSTOMER
YAMAHA,NXC125FI,淺藍,CTG-292,E372E-103800,2005/6/7,125,CTG-292,CUSTOMER
YAMAHA,NXC125C,紅,CTJ-173,E377E-314960,2005/6/28,125,CTJ-173,CUSTOMER
YAMAHA,BXC125,深銀灰,CTN-339,E373E-130002,2005/8/3,125,CTN-339,CUSTOMER
YAMAHA,XC100F,紅黑,CTS-158,5SK-503935,2005/9/13,100,CTS-158,CUSTOMER
YAMAHA,XC100G,淺藍,CTV-012,5WC-234912,2005/10/6,100,CTV-012,CUSTOMER
YAMAHA,NXC125E,白,CTX-172,E377E-407568,2005/10/28,125,CTX-172,CUSTOMER
YAMAHA,GTR化油版,黑,CUK-669,E373E-129850,2005/9/3,125,CUK-669,CUSTOMER
YAMAHA,NXC125FI,黑,CUN-573,E372E-105663,2006/4/25,125,CUN-573,CUSTOMER
YAMAHA,XC125ME,銀,CUS-278,4TE-472866,2006/6/13,125,CUS-278,CUSTOMER
YAMAHA,XC100G,銀,CUY-890,5WC-245611,2006/2/10,100,CUY-890,CUSTOMER
YAMAHA,XC125BR,銀,CV3-829,E368E-108968,2004/11/3,125,CV3-829,CUSTOMER
YAMAHA,BXC125,銀,CVA-112,E373E-128336,2005/7/6,125,CVA-112,CUSTOMER
YAMAHA,NXC125C,黑,CVF-530,E377E-317522,2005/7/27,125,CVF-530,CUSTOMER
YAMAHA,XC100F,黑,CVG-939,5SK-358107,2005/9/20,100,CVG-939,CUSTOMER
YAMAHA,YP125FI,銀,CVM-276,E374E-106448,2005/8/15,125,CVM-276,CUSTOMER
YAMAHA,,,CVM-327,,,125,CVM-327,CUSTOMER
YAMAHA,XC100F,銀,CVS-901,5SK-349407,2005/9/14,100,CVS-901,CUSTOMER
YAMAHA,XC100F,銀,CVS-910,5SK-359186,2005/8/31,100,CVS-910,CUSTOMER
YAMAHA,,,CW2-001,,,125,CW2-001,CUSTOMER
YAMAHA,NXC125C,藍,CWC-098,E377E-317477,2005/9/21,125,CWC-098,CUSTOMER
YAMAHA,BXC125,紅,CWJ-273,E373E-135527,2005/10/6,125,CWJ-273,CUSTOMER
YAMAHA,XC100F,黑/銀,CWK-616,5SK-505720,2005/10/12,100,CWK-616,CUSTOMER
YAMAHA,XC125BR,黑,CWP-725,E368E-144690,2005/10/26,125,CWP-725,CUSTOMER
YAMAHA,勁風光,銀,CWR-237,E379E-111269,2005/10/28,125,CWR-237,CUSTOMER
YAMAHA,XC125CR,黑,CWS-162,E379E-111856,2005/11/1,125,CWS-162,CUSTOMER
YAMAHA,XC125CR,銀,CWT-078,E379E-111160,2005/11/4,125,CWT-078,CUSTOMER
YAMAHA,XC125CR,紅,CWT-081,E379E-108117,2005/11/4,125,CWT-081,CUSTOMER
YAMAHA,BXC125,紅,CWW-863,E373E-131223,2005/11/24,125,CWW-863,CUSTOMER
YAMAHA,XC125BR,淺藍,CWX-857,E368E-124672,2006/1/9,125,CWX-857,CUSTOMER
YAMAHA,BXC125,黑,CXB-536,E373E-136610,2005/12/20,125,CXB-536,CUSTOMER
YAMAHA,BXC125FI,銀,CXG-228,E383E-101623,2006/1/13,125,CXG-228,CUSTOMER
YAMAHA,gtr,,CXG-22B,,,125,CXG-22B,CUSTOMER
YAMAHA,BXC125,深銀灰,CXG-671,E373E-136672,2006/1/16,125,CXG-671,CUSTOMER
YAMAHA,BXC125,深銀灰,CXH-878,E373E-137387,2006/1/20,125,CXH-878,CUSTOMER
YAMAHA,勁戰,,CXJ-351,,,125,CXJ-351,CUSTOMER
YAMAHA,NXC125FI,黑,CXJ-716,E372E-105052,2006/1/24,125,CXJ-716,CUSTOMER
YAMAHA,NXC125C,藍白,CXM-902,E377E-323073,2006/2/13,125,CXM-902,CUSTOMER
YAMAHA,NXC125E,白,CXP-750,E377E-410270,2006/2/16,125,CXP-750,CUSTOMER
YAMAHA,XC100F,黑/銀,CXQ-820,5SK-520688,2006/2/21,100,CXQ-820,CUSTOMER
YAMAHA,BXC125,黑,CXV-261,E373E-142947,2006/3/10,125,CXV-261,CUSTOMER
YAMAHA,勁風光,,CY9-382,,,125,CY9-382,CUSTOMER
YAMAHA,XC125CR,黑,CYA-313,E379E-115378,2006/4/20,125,CYA-313,CUSTOMER
YAMAHA,XC100F,銀黑,CYA-328,5SK-528706,2006/3/30,100,CYA-328,CUSTOMER
YAMAHA,XC125CR,黑,CYA-506,E379E-114427,2006/3/30,125,CYA-506,CUSTOMER
YAMAHA,NXC125E,白,CYC-227,E377E-412140,2006/4/11,125,CYC-227,CUSTOMER
YAMAHA,4CW,,CYC-737,,,125,CYC-737,CUSTOMER
YAMAHA,BXC125,黑/銀,CYE-227,E373E-150109,2006/4/24,125,CYE-227,CUSTOMER
YAMAHA,XC125BR,紅,CYP-687,E368E-150322,2006/3/14,125,CYP-687,CUSTOMER
YAMAHA,BXC125,銀黑,CYT-537,E373E-154368,2006/6/5,125,CYT-537,CUSTOMER
YAMAHA,NXC125C,黑/銀,CYY-178,E377E-327660,2006/1/16,125,CYY-178,CUSTOMER
YAMAHA,NXC125,,CYY-506,,,125,CYY-506,CUSTOMER
YAMAHA,XC100F,黑,CZ3-482,5SK-338291,2005/4/6,100,CZ3-482,CUSTOMER
YAMAHA,XC125BR,紅,CZS-110,E368E-173136,2006/10/26,125,CZS-110,CUSTOMER
YAMAHA,,,DCK-025,,,100,DCK-025,CUSTOMER
YAMAHA,,黑黃,DCK-643,3NT-001081,1990/5/17,49,DCK-643,CUSTOMER
YAMAHA,,,DDD-AAA,,,50,DDD-AAA,CUSTOMER
YAMAHA,,,DEA-061,,,50,DEA-061,CUSTOMER
YAMAHA,YA50,黑黃,DEH-683,3XG-200862,,50,DEH-683,CUSTOMER
YAMAHA,勁風,,DEL-755,,,50,DEL-755,CUSTOMER
YAMAHA,,,DEN-405,,,50,DEN-405,CUSTOMER
YAMAHA,JOG50,,DEW-061,,,0,DEW-061,CUSTOMER
YAMAHA,,,DFA-697,,,50,DFA-697,CUSTOMER
YAMAHA,jog,,DFG-425,,,50,DFG-425,CUSTOMER
YAMAHA,,,DFH-006,,,50,DFH-006,CUSTOMER
YAMAHA,jog,,DFK-341,,,50,DFK-341,CUSTOMER
YAMAHA,勁風,,DFK-887,3XG-252591,1993/8/17,50,DFK-887,CUSTOMER
YAMAHA,,,DFZ-877,,,50,DFZ-877,CUSTOMER
YAMAHA,,,DGC-812,,,50,DGC-812,CUSTOMER
YAMAHA,勁風,紅,DGD-972,,,50,DGD-972,CUSTOMER
YAMAHA,勁風,,DGX-511,,,50,DGX-511,CUSTOMER
YAMAHA,,,DHU-076,3XY-243656,1993/1/29,50,DHU-076,CUSTOMER
YAMAHA,3XG,,DIF-817,,1994/2/26,50,DIF-817,CUSTOMER
YAMAHA,兜風,,DIJ-462,E-071520,1989/8/22,50,DIJ-462,CUSTOMER
YAMAHA,JOG,,DIO-218,,,50,DIO-218,CUSTOMER
YAMAHA,,,DIR-040,3XY-522075,1994/7/18,50,DIR-040,CUSTOMER
YAMAHA,jog,,DIU-113,,,50,DIU-113,CUSTOMER
YAMAHA,JOG,,DIZ-937,,,50,DIZ-937,CUSTOMER
YAMAHA,,,DJC-660,3XY329557,,50,DJC-660,CUSTOMER
YAMAHA,JOG,,DJE-951,,,50,DJE-951,CUSTOMER
YAMAHA,勁風,,DKC-228,,,50,DKC-228,CUSTOMER
YAMAHA,JOG,,DKC-920,,,50,DKC-920,CUSTOMER
YAMAHA,勁風,,DKE-668,,,50,DKE-668,CUSTOMER
YAMAHA,,,DKG-481,,,50,DKG-481,CUSTOMER
YAMAHA,勁風,,DKN-051,,,50,DKN-051,CUSTOMER
YAMAHA,jog,,DKN-276,,,50,DKN-276,CUSTOMER
YAMAHA,小鬥子50,,DKO-179,,,50,DKO-179,CUSTOMER
YAMAHA,VINO50,,DKO-751,,,50,DKO-751,CUSTOMER
YAMAHA,,,DKQ-021,4JM-209483,1995/4/10,49,DKQ-021,CUSTOMER
YAMAHA,,,DKQ-695,,,50,DKQ-695,CUSTOMER
YAMAHA,JOG,黑,DKT-928,4JM-212436,1995/5/30,49,DKT-928,CUSTOMER
YAMAHA,JOG,,DKU-375,,,50,DKU-375,CUSTOMER
YAMAHA,jog,,DKV-923,4DY-577415,1995/6/26,50,DKV-923,CUSTOMER
YAMAHA,,,DKV-925,,,50,DKV-925,CUSTOMER
YAMAHA,JOG,,DKV-991,,,50,DKV-991,CUSTOMER
YAMAHA,JOG,,DKY-286,,,50,DKY-286,CUSTOMER
YAMAHA,JOG,,DKY-415,,,50,DKY-415,CUSTOMER
YAMAHA,,,DKY-806,,,50,DKY-806,CUSTOMER
YAMAHA,,,DLV-290,4DY-555830,1995/8/18,49,DLV-290,CUSTOMER
YAMAHA,,,DLX-068,,,50,DLX-068,CUSTOMER
YAMAHA,,,DLZ-521,,1995/7/28,50,DLZ-521,CUSTOMER
YAMAHA,勁風,,DLZ-641,3XY-416330,1995/9/29,50,DLZ-641,CUSTOMER
YAMAHA,,,DNB-275,,,50,DNB-275,CUSTOMER
YAMAHA,JOG,,DND-081,,,50,DND-081,CUSTOMER
YAMAHA,,,DND-282,,,50,DND-282,CUSTOMER
YAMAHA,,,DNE-810,,,50,DNE-810,CUSTOMER
YAMAHA,勁風,,DNI-250,,,50,DNI-250,CUSTOMER
YAMAHA,jog,,DNJ-003,4JM-219218,1996/2/8,49,DNJ-003,CUSTOMER
YAMAHA,4NF,,DNJ-562,,1996/2/7,50,DNJ-562,CUSTOMER
YAMAHA,jog,,DNL-377,,,50,DNL-377,CUSTOMER
YAMAHA,,,DNO-960,,,50,DNO-960,CUSTOMER
YAMAHA,jog,,DNP-131,,,50,DNP-131,CUSTOMER
YAMAHA,,,DNP-703,,,50,DNP-703,CUSTOMER
YAMAHA,,,DNT-137,4NG-033680,1996/7/3,50,DNT-137,CUSTOMER
YAMAHA,pro,,DNX-985,,,50,DNX-985,CUSTOMER
YAMAHA,JOG,,DOT-283,,,50,DOT-283,CUSTOMER
YAMAHA,勁風,,DPC-752,,,50,DPC-752,CUSTOMER
YAMAHA,PRO,,DPG-347,4UE-011249,1996/11/8,50,DPG-347,CUSTOMER
YAMAHA,,,DPI-951,,,50,DPI-951,CUSTOMER
YAMAHA,jog,,DPV-750,,,50,DPV-750,CUSTOMER
YAMAHA,jog,,DQA-839,,,50,DQA-839,CUSTOMER
YAMAHA,,,DQE-005,,,50,DQE-005,CUSTOMER
YAMAHA,,,DQP-959,,,50,DQP-959,CUSTOMER
YAMAHA,大兜風,,DQY-826,,,50,DQY-826,CUSTOMER
YAMAHA,,,DQZ-176,,1998/5/20,0,DQZ-176,CUSTOMER
YAMAHA,YJ50AE,,DRN-911,4XA-113632,,50,DRN-911,CUSTOMER
YAMAHA,JOG,,DRN-927,,,50,DRN-927,CUSTOMER
YAMAHA,PRO,,DRO-477,,,50,DRO-477,CUSTOMER
YAMAHA,,,DRO-807,4DY-278670,1946/11/20,50,DRO-807,CUSTOMER
YAMAHA,,,DRP-829,,,50,DRP-829,CUSTOMER
VESPA,,,AZJ-361,,,125,AZJ-361,CUSTOMER
VESPA,ET8,,BBM-793,M041M-108265,1999/9/22,125,BBM-793,CUSTOMER
OTHERS,,,ASD-582,,1996/4/11,0,ASD-582,CUSTOMER
OTHERS,,,BFK-225,,2008/3/18,0,BFK-225,CUSTOMER
OTHERS,,,CLS-225,,2008/6/1,0,CLS-225,CUSTOMER
